{
  "hash": "f30515e95e5fc4a7efa7ba1ecb5553ab",
  "result": {
    "markdown": "---\ntitle: Studentsourcing - aggregating and re-using data from a practical cell biology course\nauthor:\n  - name: Joachim Goedhart\n    orcid: 0000-0002-0630-3825\n    url: https://joachimgoedhart.github.io/\n    corresponding: true\n    email: j.goedhart@uva.nl\n    roles:\n      - Conceptualization\n      - Funding acquisition\n      - Writing\n      - Software\n      - Visualization\n      - Writing – original draft\n    affiliations:\n      - Molecular Cytology, SILS - University of Amsterdam, The Netherlands\nfunding: \"This work is supported by a Grassroots grant from the University of Amsterdam\"\nkeywords:\n  - Crowdsourcing\n  - Dashboard\nlicense: \"CC BY-NC\"\nabstract: |\n  Data that is acquired by students as part of a course is often lost. This is a pity as it is a great opportunity to collect large amounts of data. Here, we present methods to collect, aggregate and re-use data that is collect by students in a practical course on cell biology. Several use-cases are discussed that illustrate how data can be re-used eihter in teaching or scientific experimentation. A positive side-effect is that the students learn that their data is valuable.\nplain-language-summary: |\n  Data acquired by students has value and in this work we present several ways to collect and re-use that data.\nkey-points:\n  - A web scraping script was developed to pull data from the Instituto Geogràphico Nacional into a machine-readable form for analysis\n  - Earthquake events on La Palma are consistent with the presence of both mantle and crustal reservoirs.\ndate: last-modified\nbibliography: references.bib\ncitation:\n  container-title: Life Sciences\nnumber-sections: true\n---\n\n\n\n## Introduction\n\n\n\n::: {.cell warning.hidden='true' message.hidden='true'}\n\n```{.r .cell-code .hidden}\neruptions <- c(1492, 1585, 1646, 1677, 1712, 1949, 1971, 2021)\nn_eruptions <- length(eruptions)\n```\n:::\n\n::: {#cell-fig-timeline .cell warning.hidden='true' message.hidden='true'}\n\n```{.r .cell-code .hidden}\npar(mar = c(3, 1, 1, 1) + 0.1)\nplot(eruptions, rep(0, n_eruptions), \n  pch = \"|\", axes = FALSE)\naxis(1)\nbox()\n```\n\n::: {.cell-output-display}\n![Timeline of recent earthquakes on La Palma](index_files/figure-docx/fig-timeline-1.png){#fig-timeline fig-alt='An event plot of the years of the last 8 eruptions on La Palma.'}\n:::\n:::\n\n::: {.cell warning.hidden='true' message.hidden='true'}\n\n```{.r .cell-code .hidden}\navg_years_between_eruptions <- mean(diff(eruptions[-n_eruptions]))\navg_years_between_eruptions\n```\n\n::: {.cell-output .cell-output-stdout .hidden}\n\n```\n[1] 79.83333\n```\n\n\n:::\n:::\n\n\n\nBased on data up to and including 1971, eruptions on La Palma happen every 79.8 years on average.\n\nStudies of the magma systems feeding the volcano, such as @marrero2019, have proposed that there are two main magma reservoirs feeding the Cumbre Vieja volcano; one in the mantle (30-40km depth) which charges and in turn feeds a shallower crustal reservoir (10-20km depth).\n\nEight eruptions have been recorded since the late 1400s (@fig-timeline).\n\nData and methods are discussed in @sec-data-methods.\n\nLet $x$ denote the number of eruptions in a year. Then, $x$ can be modeled by a Poisson distribution\n\n$$\np(x) = \\frac{e^{-\\lambda} \\lambda^{x}}{x !}\n$$ {#eq-poisson}\n\nwhere $\\lambda$ is the rate of eruptions per year. Using @eq-poisson, the probability of an eruption in the next $t$ years can be calculated.\n\n| Name                 | Year   |\n| -------------------- | ------ |\n| Current              | 2021   |\n| Teneguía             | 1971   |\n| Nambroque            | 1949   |\n| El Charco            | 1712   |\n| Volcán San Antonio   | 1677   |\n| Volcán San Martin    | 1646   |\n| Tajuya near El Paso  | 1585   |\n| Montaña Quemada      | 1492   |\n\n: Recent historic eruptions on La Palma {#tbl-history}\n\n@tbl-history summarises the eruptions recorded since the colonization of the islands by Europeans in the late 1400s.\n\n![Map of La Palma](images/la-palma-map.png){#fig-map}\n\nLa Palma is one of the west most islands in the Volcanic Archipelago of the Canary Islands (@fig-map). \n\n\n\n{{< embed notebooks/explore-earthquakes.qmd#fig-spatial-plot >}}\n\n\n\n\n\n@fig-spatial-plot shows the location of recent Earthquakes on La Palma.\n\n## Data & Methods {#sec-data-methods}\n\n\nH~2~O is a liquid.  2^10^ is 1024.\n\n\n## Conclusion\n\n## References {.unnumbered}\n\n:::{#refs}\n\n:::",
    "supporting": [
      "index_files/figure-docx"
    ],
    "filters": [
      "rmarkdown/pagebreak.lua"
    ],
    "includes": {},
    "engineDependencies": {},
    "preserve": null,
    "postProcess": false
  }
}