<?xml version="1.0" encoding="utf-8"?>
<!DOCTYPE article PUBLIC "-//NLM//DTD JATS (Z39.96) Journal Archiving
and Interchange DTD v1.2 20190208//EN" "JATS-archivearticle1.dtd">
<article xmlns:mml="http://www.w3.org/1998/Math/MathML" xmlns:xlink="http://www.w3.org/1999/xlink" dtd-version="1.2" article-type="other">
  <front>
    <article-meta>
      <title-group>
        <article-title>Studentsourcing - aggregating and re-using data from a
practical cell biology course</article-title>
      </title-group>
      <contrib-group>
        <contrib contrib-type="author" corresp="yes">
          <contrib-id contrib-id-type="orcid">0000-0002-0630-3825</contrib-id>
          <name>
            <surname>Goedhart</surname>
            <given-names>Joachim</given-names>
          </name>
          <string-name>Joachim Goedhart</string-name>
          <email>j.goedhart@uva.nl</email>
          <role vocab="https://credit.niso.org" vocab-term="conceptualization" vocab-term-identifier="https://credit.niso.org/contributor-roles/conceptualization/">Conceptualization</role>
          <role vocab="https://credit.niso.org" vocab-term="funding acquisition" vocab-term-identifier="https://credit.niso.org/contributor-roles/funding-acquisition/">Funding
acquisition</role>
          <role vocab="https://credit.niso.org" vocab-term="writing – original draft" vocab-term-identifier="https://credit.niso.org/contributor-roles/writing-original-draft/">Writing</role>
          <role vocab="https://credit.niso.org" vocab-term="software" vocab-term-identifier="https://credit.niso.org/contributor-roles/software/">Software</role>
          <role vocab="https://credit.niso.org" vocab-term="visualization" vocab-term-identifier="https://credit.niso.org/contributor-roles/visualization/">Visualization</role>
          <role vocab="https://credit.niso.org" vocab-term="writing – original draft" vocab-term-identifier="https://credit.niso.org/contributor-roles/writing-original-draft/">Writing
– original draft</role>
          <xref ref-type="aff" rid="aff-1">a</xref>
          <xref ref-type="corresp" rid="cor-1">*</xref>
        </contrib>
      </contrib-group>
      <aff id="aff-1">
        <institution-wrap>
          <institution>Molecular Cytology, SILS - University of Amsterdam, The
Netherlands</institution>
        </institution-wrap>
      </aff>
      <author-notes>
        <corresp id="cor-1">j.goedhart@uva.nl</corresp>
      </author-notes>
      <history/>
      <permissions>
        <license license-type="creative-commons">
          <ali:license_ref xmlns:ali="http://www.niso.org/schemas/ali/1.0/">https://creativecommons.org/licenses/by-nc/4.0/</ali:license_ref>
        </license>
      </permissions>
      <abstract>
        <p>Data that is generated by students during a course is often lost as
there is no centrally organized collection and storage of the data. The
loss of data prevents its re-use. To provide access to these data, I
present an approach that I call studentsourcing. It collects, aggregates
and re-uses data that is generated by students in a practical course on
cell biology. The course runs annually and I have recorded the data that
was generated by &gt;100 students over 3 years. Two use cases illustrate
how the data can be aggregated and re-used either for the scientific
record or for teaching. As the data is obtained by different students,
in different groups, over different years, it is an excellent
opportunity to discuss experimental design and modern data visualization
methods such as the superplot. The first use case demonstrates how the
data can be presented as an online, interactive dashboard, providing
real-time data of the measurements. The second use case shows how
central data storage provides a unique opportunity to get precise
quantitative data due to the large sample size. Both use cases
illustrate how data can be effectively aggregated and re-used.</p>
      </abstract>
      <kwd-group kwd-group-type="author">
        <kwd>Crowdsourcing</kwd>
        <kwd>Data visualization</kwd>
        <kwd>FAIR data</kwd>
        <kwd>Dashboard</kwd>
      </kwd-group>
      <funding-group>
        <award-group>
</award-group>
        <funding-statement>This work is supported by a Grassroots grant from the
University of Amsterdam</funding-statement>
      </funding-group>
    </article-meta>
  </front>
  <body>
    <sec id="sec-introduction">
      <title>Introduction</title>
      <p>Teaching practical skills in a lab course is a crucial part of
  education in biology, biomedical science, and life sciences
  (<xref alt="Hofstein and Lunetta 2003" rid="ref-hofstein2003" ref-type="bibr">Hofstein
  and Lunetta 2003</xref>;
  <xref alt="Reid and Shah 2007" rid="ref-reid2007" ref-type="bibr">Reid
  and Shah 2007</xref>). In these lab courses data is generated,
  reported and interpreted, much like <italic>real</italic> experimental
  lab work. However, students use their data just for their own lab
  report and the data is not centrally stored or aggregated. As a
  consequence, most of the data that is gathered in a lab course is
  lost. Yet, these data are potentially useful. Especially for larger
  course, an impressive amount of data under well-controlled conditions
  can be generated. Therefore, by collecting and aggregating the data of
  multiple students over multiple years, one can easily gather a large
  dataset with high numbers of independent observations
  (<xref alt="Lazic, Clarke-Williams, and Munafò 2018" rid="ref-lazic2018" ref-type="bibr">Lazic,
  Clarke-Williams, and Munafò 2018</xref>).</p>
      <p>Microscopy is an essential tool in cell biology. The use of
  microscopes to observe cells and organisms has changed from a
  qualitative, descriptive approach, into a quantitative method
  (<xref alt="Senft et al. 2023" rid="ref-senft2023" ref-type="bibr">Senft
  et al. 2023</xref>;
  <xref alt="Renz 2013" rid="ref-renz2013" ref-type="bibr">Renz
  2013</xref>;
  <xref alt="Wait, Reiche, and Chew 2020" rid="ref-wait2020" ref-type="bibr">Wait,
  Reiche, and Chew 2020</xref>;
  <xref alt="Waters 2009" rid="ref-waters2009" ref-type="bibr">Waters
  2009</xref>). The development of digital cameras and image analysis
  software has catalyzed this transition
  (<xref alt="Carpenter 2007" rid="ref-carpenter2007" ref-type="bibr">Carpenter
  2007</xref>). Therefore, experiments that use microscopes are often
  followed by bioimage analysis to extract quantitative information from
  the data. To teach these skills, we combine a basic course on
  microscopy in a course on cell biology with teaching image processing
  and analysis in ImageJ/FIJI
  (<xref alt="Schneider, Rasband, and Eliceiri 2012" rid="ref-schneider2012" ref-type="bibr">Schneider,
  Rasband, and Eliceiri 2012</xref>). In a typical year, over one
  hundred students are enrolled in this course and therefore, a
  substantial amount of data is generated in the course.</p>
      <p>I decided to collect the data that was generated by the students in
  the lab course over several years and store the measurement results in
  a central location. The data by itself can be valuable for the
  scientific community as precise estimates with good statistics can be
  obtained. Moreover, the data are a starting point to discuss data
  visualization, experimental design and how experimental design affects
  the statistics and interpretation of data. Here, I report the methods
  to collect, process and visualize the data. The data re-use is
  demonstrated in two use cases.</p>
    </sec>
    <sec id="sec-data-methods">
      <title>Methods</title>
      <p>For full reproducibility, this document is written using Quarto
  (Posit,
  <ext-link ext-link-type="uri" xlink:href="https://quarto.org/">https://quarto.org/</ext-link>),
  and the source code of the manuscript and the notebooks, and the data
  are availble in a repository:
  <ext-link ext-link-type="uri" xlink:href="https://github.com/JoachimGoedhart/MS-StudentSourcing">https://github.com/JoachimGoedhart/MS-StudentSourcing</ext-link>.
  A version rendered as HTML is avalaible and it provides easy access to
  the notebooks as well:
  <ext-link ext-link-type="uri" xlink:href="https://joachimgoedhart.github.io/MS-StudentSourcing/">https://joachimgoedhart.github.io/MS-StudentSourcing/</ext-link></p>
      <sec id="use-case-1">
        <title>Use case 1</title>
        <p>
          <italic>Sample preparation and measurements</italic>
        </p>
        <p>A buccal swab is used to harvest cheek cells by scraping ~5 times
    over the inside of the cheek. The tip of the sample collector is
    dipped into an eppendorf tube with 40 µl PBS, and the cells are
    transferred to an object slide by touching the slide with the tip.
    Next, 10 µl of 0.1% methyleneblue solution is added and the sample
    is enclosed by a square coverslip (22 x 22 mm). The sample is used
    immediately to observe the cells with a Leica microscope, equipped
    with a Lumenera camera. A 20x or 40x objective is used to observe
    and image the cells. A separate image of a micrometer
    (<ext-link ext-link-type="uri" xlink:href="https://www.fishersci.com/shop/products/stage-graticules-s8/5028481">Electron
    Microscopy Sciences 6804208, Stage Micrometer S8, Horizontal Scale,
    1 mm Length</ext-link>) is acquired at the same magnification. The
    images are processed in ImageJ/FIJI and the dimensions of the images
    are calibrated with the micrometer image
    (<xref alt="Figure 1" rid="fig-students-side">Figure 1</xref>). The
    line tool is used to measure the diameter of the cells (the longest
    axis).</p>
        <p>
          <italic>Data collection</italic>
        </p>
        <p>The data of the measurements is collected through a Google Form,
    an example of which is shown in
    <xref alt="Figure 1" rid="fig-students-side">Figure 1</xref>. By
    submitting the form, the students give permission for the anonymous
    use of the data. The data that is recorded by the form is the group
    (A/B/C/D), the size measurements of the cheek cells and the size
    measurements of the nucleus. The data is aggregated in a Google
    Sheet which has four columns with data on Timestamp, Group, size of
    cells, size of nuclei. When correctly uploaded, the two columns with
    the size data have comma separated values of 10 measurements.</p>
        <fig id="fig-students-side">
          <caption>
            <p>Figure 1: Overview of steps taken by the students to
      acquire and upload their data. The size of cells is measured by
      microscopy, the data is processed and recorded in their lab
      journal and finally, the data are uploaded by a Google
      form</p>
          </caption>
          <graphic mimetype="image" mime-subtype="png" xlink:href="images/Students-side.png"/>
        </fig>
        <p>
          <italic>Data processing</italic>
        </p>
        <p>The data that is in the Google Sheet can be downloaded and read
    into R as a CSV. All subsequent processing and data visualisation
    and presentation in dashboard style is done in R. The code is
    available on Github:
    <ext-link ext-link-type="uri" xlink:href="https://github.com/JoachimGoedhart/CellSizeR">https://github.com/JoachimGoedhart/CellSizeR</ext-link>.
    The cleaning of the data consists of removing empty cells, changing
    the column names, listing all individual measurements in a single
    row, forcing the data into a ‘numeric’ type and filtering for
    sensible values (anything outside the generous range of 0-1000 will
    be removed). A detailed protocol that explains the processing is
    available as protocol 10
    (<xref alt="Goedhart 2022" rid="ref-goedhart2022" ref-type="bibr">Goedhart
    2022</xref>).</p>
        <p>
          <italic>Data visualisation</italic>
        </p>
        <p>A dashboard is composed in R Markdown with the
    <monospace>{flexdashboard}</monospace> package. The code is
    available here:
    <ext-link ext-link-type="uri" xlink:href="https://github.com/JoachimGoedhart/CellSizeR">https://github.com/JoachimGoedhart/CellSizeR</ext-link>
    and the live dashboard is available online:
    <ext-link ext-link-type="uri" xlink:href="https://amsterdamstudygroup.shinyapps.io/CellSizeR/">https://amsterdamstudygroup.shinyapps.io/CellSizeR/</ext-link></p>
      </sec>
      <sec id="use-case-2">
        <title>Use case 2</title>
        <p>
          <italic>Sample preparation and measurements</italic>
        </p>
        <p>HeLa cells are cultured according to standard procedures and
    seeded 1 or 2 days before the treatment on 12 mm diameter glass
    coverslips. HeLa cells are incubated with 10 µM EdU for 30 minutes
    at 37 ˚C. The cells are fixed with 4% formaldehyde in PBS and
    permeabilised with 0.1% Triton X-100 in PBS. Click chemistry is
    performed with 9 µM Cy3-azide and 2 mM CuSO<sub>4</sub>. To start
    the reaction, 20 mg/ml ascorbate (final concentration) is added and
    the solution is used immediately to stain the cells. After 30
    minutes, the cells are washed 3x with PBS and the sample is
    incubated with 0.1 µg/ml DAPI for 5 minutes. Samples are mounted in
    Mowiol and used for observation with fluorescence microscopy. Images
    of at least 100 cells are acquired with the DAPI and TRITC filters
    sets. The nuclei in both channels are counted by hand, or in an
    automated way by segmentation and ‘particle analysis’ in imageJ to
    calculate the percentage of cells that are positive for Cy3
    fluorescence, reflecting cells in the S-phase.</p>
        <p>
          <italic>Data collection</italic>
        </p>
        <p>The data of the measurements is collected through a Google Form.
    By submitting the form, the students give permission for the
    anonymous use of the data. The data that is recorded is the group
    (A/B/C/D), the percentage of cells in the S-phase for two methods,
    i.e. manual and using ImageJ/FIJI. The form is easy to set up and
    the data is collected in Google Sheets, yielding four columns;
    Timestamp, Group, and two columns with percentages of S-phase
    determined by the two methods.</p>
        <p>
          <italic>Data processing &amp; visualization</italic>
        </p>
        <p>The data that is in the Google Sheet can be downloaded and read
    into R
    (<xref alt="R Core Team 2022" rid="ref-RCore" ref-type="bibr">R Core
    Team 2022</xref>) as a CSV. All subsequent processing and data
    visualization is done with R and quarto. The cleaning of the data
    consists of removing empty cells, changing the column names,
    conversion to a tidy format, forcing the data into a ‘numeric’ type
    and filtering for sensible values (anything outside the generous
    range of 0-100 will be removed).</p>
      </sec>
    </sec>
    <sec id="sec-results">
      <title>Results</title>
      <sec id="use-case-1-comparing-new-results-with-historical-data">
        <title>Use case 1: Comparing new results with historical
    data</title>
        <p>The aim of the experiment is to determine the average size
    (diameter) of a human cheek cell and nucleus. To this end, the
    students acquire images of their own, stained cheek cells and
    measure the size of the cell and its nucleus. At least 10
    measurements are made and the data are uploaded with a Google form.
    Each sample is an independent observation as it originates from a
    unique human specimen. To evaluate the accuracy of their own
    measurements, the students can compare their data with the
    historical data that is displayed on an online, interactive
    dashboard:
    <ext-link ext-link-type="uri" xlink:href="https://amsterdamstudygroup.shinyapps.io/CellSizeR/">https://amsterdamstudygroup.shinyapps.io/CellSizeR/</ext-link>.
    A snapshot of the dashboard is shown in
    <xref alt="Figure 2" rid="fig-dashboard">Figure 2</xref>.</p>
        <fig id="fig-dashboard">
          <caption>
            <p>Figure 2: Screenshot of the dashboard that summarized
      the data on human cheek cell size measurements. The dashboard also
      displays the total number of entries and other
      metadata.</p>
          </caption>
          <graphic mimetype="image" mime-subtype="png" xlink:href="images/Dashboard_230828.png"/>
        </fig>
        <p>The dashboard is interactive and users can select the data from
    all measurements, or from a single year and the number of bins can
    be adjusted. Additionally, by hovering over the plots, the values of
    the data can be read (as shown in
    <xref alt="Figure 2" rid="fig-dashboard">Figure 2</xref>). The
    dashboard also shows the data for the 4 different groups and the
    size distribution of the cells by violin plots.</p>
        <p>The histogram on the dashboard is the primary data that is useful
    for the students. It visualizes the distribution of individual data
    for both the cell and the nucleus. Since the sizes vary
    susbtantially, the data can be shown on a log-scale as well on the
    dashboard
    (<xref alt="Figure 3" rid="fig-histogram">Figure 3</xref>). The main
    reason that the measurements differ by an order of magnitude, is
    that the size measurement requires correct calibration of the field
    of view with a micro ruler. When the calibration is done
    incorrectly, this will affect the accuracy of the measurement,
    usually by a factor of 10.</p>
        <fig id="fig-histogram">
          <caption>
            <p>Figure 3: Distribution of the measured size of human
      cheek cells and their nucleus on a log scale. Data from three
      years.</p>
          </caption>
          <graphic mimetype="image" mime-subtype="png" xlink:href="index_files/figure-jats/fig-histogram-output-1.png"/>
        </fig>
        <p>Ideally, the students see the multimodal distrbution and realize
    that the peaks are an order of magnitude different. Even if they
    don’t, they will probably assume that the majority of measurements
    is correct. In any case, it is possible for the students to make a
    comparison and discuss their results in the context of the
    historical data.</p>
      </sec>
      <sec id="use-case-2-determination-of-the-percentage-of-cells-in-s-phase">
        <title>Use case 2: Determination of the percentage of cells in
    S-phase</title>
        <p>The aim of the experiment is is to determine the number of cells,
    as percentage, that is in the S-phase. To this end, students stain
    cells that are treated with EdU and they use these samples to
    quantify the percentage of cells in the S-phase in two ways (manual
    and semi-automated). The results are uploaded via a Google Form. The
    collected data can be analysed in multiple ways and here we used it
    to compare the two analysis methods and, secondly, to obtain an
    estimate for the percentage of S-phase cells. The data on the two
    analysis methods, manual and automated, is paired and can be
    visualised by a doplot in which the pairs of the data are connected
    (<xref alt="Figure 4" rid="fig-paired-data">Figure 4</xref>). The
    slopes of the lines vary a lot, whereas the average values per year
    between the two methods is similar. This implies that there can be
    substantial differences between the two methods, with roughly a
    similar number of cases where the automated analysis over- or
    underestimates the percentage, relative to the manual analysis.</p>
        <fig id="fig-paired-data">
          <caption>
            <p>Figure 4: Comparing the manual and automated
      analysis.</p>
          </caption>
          <graphic mimetype="image" mime-subtype="png" xlink:href="index_files/figure-jats/fig-paired-data-output-1.png"/>
        </fig>
        <p>There is increasing attention on effects of experimental design
    on data analysis and visualization. The recently proposed superplot
    to distinguish biological and technical replicates is an intuitive
    and straightforward way to communicate the design
    (<xref alt="Lord et al. 2020" rid="ref-lord2020" ref-type="bibr">Lord
    et al. 2020</xref>). The data on S-phase consists of both technical
    and biological replicates and is therefore ideally suited to explain
    the importance of correctly identifying the independent
    measurements. Here, we treat the data from each group as biological
    replicate, and the measurements within each group as a technical
    replicate. The reason is that a group of students all stain cells
    that are from the same passage number and treated at the same time
    and is therefore a technical replicate. On the other hand, different
    groups stain different passages of cells and so we treat these as
    independent observations. When the data is plotted for each
    individual technical replicate
    (<xref alt="Figure 5" rid="fig-superplot">Figure 5</xref>), it can
    be observed that we received multiple submissions per group, leading
    to a precise measurement per group. The median values range from 23%
    to 44%. The average value of the independent observations is 36.7%
    [N=12, 95%CI: 33.0%-40.3%].</p>
        <fig id="fig-superplot">
          <caption>
            <p>Figure 5: Data on the percentage of cells in e S-phase
      based on manual analysis. Each group &amp; year defines an
      independent observations and is shown as dotplot and the
      distribution. The larger dot reflects the median
      value.</p>
          </caption>
          <graphic mimetype="image" mime-subtype="png" xlink:href="index_files/figure-jats/fig-superplot-output-2.png"/>
        </fig>
      </sec>
    </sec>
    <sec id="sec-discussion">
      <title>Discussion</title>
      <p>Data that is generated in courses is often recorded by individual
  students or groups of students in reports. However, it can be valuable
  and interesting to collect and use these data. Here, I present a
  flexible and straightforward approach to collect and display data from
  a large group of students and over several years. A combination of
  Google Forms/Sheets for data collection and R for data processing and
  visualization is used.</p>
      <p>In the first use case, the data is displayed in dashboard style.
  The dashboard gives a quick, interactive and complete overview of the
  data and it is used by students to evaluate their results. The
  aggregation of thet data and presentation on the dashboard is a nice
  reward for the students as they see that their data has value and is
  re-used by their peers.</p>
      <p>In the second use case, a quarto template is used to process and
  visualize the data. The use case shows how two methods can be compared
  and also shows that a high number of truly independent observations
  can be collected.</p>
      <p>For both use cases, the code is available and can be used as a
  starting point for the processing and visualization of other datasets.
  The approach that is presented here is not limited to practical
  courses. It can also be used to collect data from other crowds, or in
  collaborative science projects.</p>
      <p>Collecting and reusing the data has a number of advantageous
  aspects. First, a high number of measurements increases the precision
  of the measurement and therefore allows us to obtain precise numbers.
  Second, the historical data can be shared with the students and they
  can interpret and discuss their results in light of the existing data.
  Third, the obtained data serves as material that can be used to teach
  data manipulation, statistics and data visualization which is a
  fundamental aspect of science
  (<xref alt="Sailem, Cooper, and Bakal 2016" rid="ref-sailem2016" ref-type="bibr">Sailem,
  Cooper, and Bakal 2016</xref>). The use cases described in this paper
  deal with these aspects.</p>
      <p>The aggregation of the data inevitably leads to a discussion on
  experimental design, as this is important to establish whether
  measurements are independent or not. This aspect of experimental
  design has received attention over the last years
  (<xref alt="Aarts et al. 2015" rid="ref-Aarts2015" ref-type="bibr">Aarts
  et al. 2015</xref>;
  <xref alt="Sikkel et al. 2017" rid="ref-sikkel2017" ref-type="bibr">Sikkel
  et al. 2017</xref>;
  <xref alt="Eisner 2021" rid="ref-eisner2021" ref-type="bibr">Eisner
  2021</xref>) and it is valuable to teach this aspect of data analysis
  and visualization. Although I have not implemented this yet, I think
  that having students participate in the data aggregation, creates a
  very practical opportunity to teach experimental design and the
  identification of biological units
  (<xref alt="Lazic, Clarke-Williams, and Munafò 2018" rid="ref-lazic2018" ref-type="bibr">Lazic,
  Clarke-Williams, and Munafò 2018</xref>). In addition, it may
  stimulate cooperative learning
  (<xref alt="Tanner, Chatman, and Allen 2003" rid="ref-tanner2003" ref-type="bibr">Tanner,
  Chatman, and Allen 2003</xref>).</p>
      <p>In conclusion, I feel it is valuable to collect data from practical
  courses and here we report one way to achieve that. I hope that serves
  as a starting point for others that want to collect, store and use
  data from large groups of students.</p>
      <sec id="data-availability">
        <title>Data availability</title>
        <p>The data is available at:
    <ext-link ext-link-type="uri" xlink:href="https://doi.org/10.5281/zenodo.8359955">https://doi.org/10.5281/zenodo.8359955</ext-link></p>
      </sec>
      <sec id="code-availability">
        <title>Code availability</title>
        <p>The code for this manuscript is available here:
    <ext-link ext-link-type="uri" xlink:href="https://github.com/JoachimGoedhart/MS-StudentSourcing">https://github.com/JoachimGoedhart/MS-StudentSourcing</ext-link>
    and it includes the notebook that was generated to analyze the
    S-phase data:
    <ext-link ext-link-type="uri" xlink:href="https://github.com/JoachimGoedhart/MS-StudentSourcing/tree/main/notebooks">https://github.com/JoachimGoedhart/MS-StudentSourcing/tree/main/notebooks</ext-link>
    The code for the dashboard ‘CellSizeR’ is deposited here:
    <ext-link ext-link-type="uri" xlink:href="https://github.com/JoachimGoedhart/CellSizeR">https://github.com/JoachimGoedhart/CellSizeR</ext-link></p>
        <p>Versioned code with a DOI will be made available upon
    acceptance.</p>
      </sec>
      <sec id="contributions">
        <title>Contributions</title>
        <p>J.G. conceived the project, acquired funding, wrote code, and
    wrote the manuscript.</p>
      </sec>
      <sec id="competing-interests">
        <title>Competing interests</title>
        <p>The authors declare no competing interests</p>
      </sec>
      <sec id="acknowledgments">
        <title>Acknowledgments</title>
        <p>A
    <ext-link ext-link-type="uri" xlink:href="https://www.garrickadenbuie.com/blog/use-google-forms-and-r-to-track-data-easily/">blog
    post by Garrick Aden-Buie</ext-link> was very helpful in the initial
    phase of this project. Many thanks to the people involved in Quarto,
    which was used to write and shape this paper. Most importantly, I’d
    like to thank all students involved in the course that have
    generously shared their data, making this project a success.</p>
      </sec>
    </sec>
    <sec id="references">
      <title>References</title>
    </sec>
  </body>
  <back>
    <ref-list>
      <ref id="ref-lazic2018">
        <element-citation publication-type="article-journal">
          <person-group person-group-type="author">
            <name>
              <surname>Lazic</surname>
              <given-names>Stanley E.</given-names>
            </name>
            <name>
              <surname>Clarke-Williams</surname>
              <given-names>Charlie J.</given-names>
            </name>
            <name>
              <surname>Munafò</surname>
              <given-names>Marcus R.</given-names>
            </name>
          </person-group>
          <article-title>What exactly is ‘N’ in cell culture and animal experiments?</article-title>
          <source>PLOS Biology</source>
          <year iso-8601-date="2018-04-04">2018</year>
          <month>04</month>
          <day>04</day>
          <volume>16</volume>
          <issue>4</issue>
          <uri>http://dx.doi.org/10.1371/journal.pbio.2005282</uri>
          <pub-id pub-id-type="doi">10.1371/journal.pbio.2005282</pub-id>
          <fpage>e2005282</fpage>
          <lpage/>
        </element-citation>
      </ref>
      <ref id="ref-senft2023">
        <element-citation publication-type="article-journal">
          <person-group person-group-type="author">
            <name>
              <surname>Senft</surname>
              <given-names>Rebecca A.</given-names>
            </name>
            <name>
              <surname>Diaz-Rohrer</surname>
              <given-names>Barbara</given-names>
            </name>
            <name>
              <surname>Colarusso</surname>
              <given-names>Pina</given-names>
            </name>
            <name>
              <surname>Swift</surname>
              <given-names>Lucy</given-names>
            </name>
            <name>
              <surname>Jamali</surname>
              <given-names>Nasim</given-names>
            </name>
            <name>
              <surname>Jambor</surname>
              <given-names>Helena</given-names>
            </name>
            <name>
              <surname>Pengo</surname>
              <given-names>Thomas</given-names>
            </name>
            <name>
              <surname>Brideau</surname>
              <given-names>Craig</given-names>
            </name>
            <name>
              <surname>Llopis</surname>
              <given-names>Paula Montero</given-names>
            </name>
            <name>
              <surname>Uhlmann</surname>
              <given-names>Virginie</given-names>
            </name>
            <name>
              <surname>Kirk</surname>
              <given-names>Jason</given-names>
            </name>
            <name>
              <surname>Gonzales</surname>
              <given-names>Kevin Andrew</given-names>
            </name>
            <name>
              <surname>Bankhead</surname>
              <given-names>Peter</given-names>
            </name>
            <name>
              <surname>Evans</surname>
              <given-names>Edward L.</given-names>
            </name>
            <name>
              <surname>Eliceiri</surname>
              <given-names>Kevin W.</given-names>
            </name>
            <name>
              <surname>Cimini</surname>
              <given-names>Beth A.</given-names>
            </name>
          </person-group>
          <article-title>A biologist’s guide to planning and performing quantitative bioimaging experiments</article-title>
          <source>PLOS Biology</source>
          <year iso-8601-date="2023-06-27">2023</year>
          <month>06</month>
          <day>27</day>
          <volume>21</volume>
          <issue>6</issue>
          <uri>http://dx.doi.org/10.1371/journal.pbio.3002167</uri>
          <pub-id pub-id-type="doi">10.1371/journal.pbio.3002167</pub-id>
          <fpage>e3002167</fpage>
          <lpage/>
        </element-citation>
      </ref>
      <ref id="ref-renz2013">
        <element-citation publication-type="article-journal">
          <person-group person-group-type="author">
            <name>
              <surname>Renz</surname>
              <given-names>Malte</given-names>
            </name>
          </person-group>
          <article-title>Fluorescence microscopy-A historical and technical perspective</article-title>
          <source>Cytometry Part A</source>
          <year iso-8601-date="2013-04-12">2013</year>
          <month>04</month>
          <day>12</day>
          <volume>83</volume>
          <issue>9</issue>
          <uri>http://dx.doi.org/10.1002/cyto.a.22295</uri>
          <pub-id pub-id-type="doi">10.1002/cyto.a.22295</pub-id>
          <fpage>767</fpage>
          <lpage>779</lpage>
        </element-citation>
      </ref>
      <ref id="ref-wait2020">
        <element-citation publication-type="article-journal">
          <person-group person-group-type="author">
            <name>
              <surname>Wait</surname>
              <given-names>Eric C.</given-names>
            </name>
            <name>
              <surname>Reiche</surname>
              <given-names>Michael A.</given-names>
            </name>
            <name>
              <surname>Chew</surname>
              <given-names>Teng-Leong</given-names>
            </name>
          </person-group>
          <article-title>Hypothesis-driven quantitative fluorescence microscopy  the importance of reverse-thinking in experimental design</article-title>
          <source>Journal of Cell Science</source>
          <year iso-8601-date="2020-11-01">2020</year>
          <month>11</month>
          <day>01</day>
          <volume>133</volume>
          <issue>21</issue>
          <uri>http://dx.doi.org/10.1242/jcs.250027</uri>
          <pub-id pub-id-type="doi">10.1242/jcs.250027</pub-id>
        </element-citation>
      </ref>
      <ref id="ref-waters2009">
        <element-citation publication-type="article-journal">
          <person-group person-group-type="author">
            <name>
              <surname>Waters</surname>
              <given-names>Jennifer C.</given-names>
            </name>
          </person-group>
          <article-title>Accuracy and precision in quantitative fluorescence microscopy</article-title>
          <source>Journal of Cell Biology</source>
          <year iso-8601-date="2009-06-29">2009</year>
          <month>06</month>
          <day>29</day>
          <volume>185</volume>
          <issue>7</issue>
          <uri>http://dx.doi.org/10.1083/jcb.200903097</uri>
          <pub-id pub-id-type="doi">10.1083/jcb.200903097</pub-id>
          <fpage>1135</fpage>
          <lpage>1148</lpage>
        </element-citation>
      </ref>
      <ref id="ref-carpenter2007">
        <element-citation publication-type="article-journal">
          <person-group person-group-type="author">
            <name>
              <surname>Carpenter</surname>
              <given-names>Anne E</given-names>
            </name>
          </person-group>
          <article-title>Software opens the door to quantitative imaging</article-title>
          <source>Nature Methods</source>
          <year iso-8601-date="2007-02">2007</year>
          <month>02</month>
          <volume>4</volume>
          <issue>2</issue>
          <uri>http://dx.doi.org/10.1038/nmeth0207-120</uri>
          <pub-id pub-id-type="doi">10.1038/nmeth0207-120</pub-id>
          <fpage>120</fpage>
          <lpage>121</lpage>
        </element-citation>
      </ref>
      <ref id="ref-schneider2012">
        <element-citation publication-type="article-journal">
          <person-group person-group-type="author">
            <name>
              <surname>Schneider</surname>
              <given-names>Caroline A</given-names>
            </name>
            <name>
              <surname>Rasband</surname>
              <given-names>Wayne S</given-names>
            </name>
            <name>
              <surname>Eliceiri</surname>
              <given-names>Kevin W</given-names>
            </name>
          </person-group>
          <article-title>NIH Image to ImageJ: 25 years of image analysis</article-title>
          <source>Nature Methods</source>
          <year iso-8601-date="2012-06-28">2012</year>
          <month>06</month>
          <day>28</day>
          <volume>9</volume>
          <issue>7</issue>
          <uri>http://dx.doi.org/10.1038/nmeth.2089</uri>
          <pub-id pub-id-type="doi">10.1038/nmeth.2089</pub-id>
          <fpage>671</fpage>
          <lpage>675</lpage>
        </element-citation>
      </ref>
      <ref id="ref-goedhart2022">
        <element-citation publication-type="book">
          <person-group person-group-type="author">
            <name>
              <surname>Goedhart</surname>
              <given-names>Joachim</given-names>
            </name>
          </person-group>
          <source>DataViz protocols - an introduction to data visualization protocols for wet lab scientists</source>
          <publisher-name>Zenodo</publisher-name>
          <year iso-8601-date="2022-10-27">2022</year>
          <month>10</month>
          <day>27</day>
          <uri>https://joachimgoedhart.github.io/DataViz-protocols/</uri>
          <pub-id pub-id-type="doi">10.5281/ZENODO.7257808</pub-id>
        </element-citation>
      </ref>
      <ref id="ref-sailem2016">
        <element-citation publication-type="article-journal">
          <person-group person-group-type="author">
            <name>
              <surname>Sailem</surname>
              <given-names>Heba Z.</given-names>
            </name>
            <name>
              <surname>Cooper</surname>
              <given-names>Sam</given-names>
            </name>
            <name>
              <surname>Bakal</surname>
              <given-names>Chris</given-names>
            </name>
          </person-group>
          <article-title>Visualizing quantitative microscopy data: History and challenges</article-title>
          <source>Critical Reviews in Biochemistry and Molecular Biology</source>
          <year iso-8601-date="2016-02-24">2016</year>
          <month>02</month>
          <day>24</day>
          <volume>51</volume>
          <issue>2</issue>
          <uri>http://dx.doi.org/10.3109/10409238.2016.1146222</uri>
          <pub-id pub-id-type="doi">10.3109/10409238.2016.1146222</pub-id>
          <fpage>96</fpage>
          <lpage>101</lpage>
        </element-citation>
      </ref>
      <ref id="ref-RCore">
        <element-citation publication-type="book">
          <person-group person-group-type="author">
            <string-name>R Core Team</string-name>
          </person-group>
          <source>R: A language and environment for statistical computing</source>
          <publisher-name>R Foundation for Statistical Computing</publisher-name>
          <publisher-loc>Vienna, Austria</publisher-loc>
          <year iso-8601-date="2022">2022</year>
          <uri>https://www.R-project.org/</uri>
        </element-citation>
      </ref>
      <ref id="ref-Aarts2015">
        <element-citation publication-type="article-journal">
          <person-group person-group-type="author">
            <name>
              <surname>Aarts</surname>
              <given-names>Emmeke</given-names>
            </name>
            <name>
              <surname>Dolan</surname>
              <given-names>Conor V.</given-names>
            </name>
            <name>
              <surname>Verhage</surname>
              <given-names>Matthijs</given-names>
            </name>
            <name>
              <surname>Sluis</surname>
              <given-names>Sophie van der</given-names>
            </name>
          </person-group>
          <article-title>Multilevel analysis quantifies variation in the experimental effect while optimizing power and preventing false positives</article-title>
          <source>BMC Neuroscience</source>
          <year iso-8601-date="2015-12">2015</year>
          <month>12</month>
          <volume>16</volume>
          <issue>1</issue>
          <uri>http://dx.doi.org/10.1186/s12868-015-0228-5</uri>
          <pub-id pub-id-type="doi">10.1186/s12868-015-0228-5</pub-id>
        </element-citation>
      </ref>
      <ref id="ref-eisner2021">
        <element-citation publication-type="article-journal">
          <person-group person-group-type="author">
            <name>
              <surname>Eisner</surname>
              <given-names>David A.</given-names>
            </name>
          </person-group>
          <article-title>Pseudoreplication in physiology: More means less</article-title>
          <source>Journal of General Physiology</source>
          <year iso-8601-date="2021-01-19">2021</year>
          <month>01</month>
          <day>19</day>
          <volume>153</volume>
          <issue>2</issue>
          <uri>http://dx.doi.org/10.1085/jgp.202012826</uri>
          <pub-id pub-id-type="doi">10.1085/jgp.202012826</pub-id>
        </element-citation>
      </ref>
      <ref id="ref-sikkel2017">
        <element-citation publication-type="article-journal">
          <person-group person-group-type="author">
            <name>
              <surname>Sikkel</surname>
              <given-names>Markus B</given-names>
            </name>
            <name>
              <surname>Francis</surname>
              <given-names>Darrel P</given-names>
            </name>
            <name>
              <surname>Howard</surname>
              <given-names>James</given-names>
            </name>
            <name>
              <surname>Gordon</surname>
              <given-names>Fabiana</given-names>
            </name>
            <name>
              <surname>Rowlands</surname>
              <given-names>Christina</given-names>
            </name>
            <name>
              <surname>Peters</surname>
              <given-names>Nicholas S</given-names>
            </name>
            <name>
              <surname>Lyon</surname>
              <given-names>Alexander R</given-names>
            </name>
            <name>
              <surname>Harding</surname>
              <given-names>Sian E</given-names>
            </name>
            <name>
              <surname>MacLeod</surname>
              <given-names>Kenneth T</given-names>
            </name>
          </person-group>
          <article-title>Hierarchical statistical techniques are necessary to draw reliable conclusions from analysis of isolated cardiomyocyte studies</article-title>
          <source>Cardiovascular Research</source>
          <year iso-8601-date="2017-08-30">2017</year>
          <month>08</month>
          <day>30</day>
          <volume>113</volume>
          <issue>14</issue>
          <uri>http://dx.doi.org/10.1093/cvr/cvx151</uri>
          <pub-id pub-id-type="doi">10.1093/cvr/cvx151</pub-id>
          <fpage>1743</fpage>
          <lpage>1752</lpage>
        </element-citation>
      </ref>
      <ref id="ref-lord2020">
        <element-citation publication-type="article-journal">
          <person-group person-group-type="author">
            <name>
              <surname>Lord</surname>
              <given-names>Samuel J.</given-names>
            </name>
            <name>
              <surname>Velle</surname>
              <given-names>Katrina B.</given-names>
            </name>
            <name>
              <surname>Mullins</surname>
              <given-names>R. Dyche</given-names>
            </name>
            <name>
              <surname>Fritz-Laylin</surname>
              <given-names>Lillian K.</given-names>
            </name>
          </person-group>
          <article-title>SuperPlots: Communicating reproducibility and variability in cell biology</article-title>
          <source>Journal of Cell Biology</source>
          <year iso-8601-date="2020-04-28">2020</year>
          <month>04</month>
          <day>28</day>
          <volume>219</volume>
          <issue>6</issue>
          <uri>https://doi.org/10.1083/jcb.202001064</uri>
          <pub-id pub-id-type="doi">10.1083/jcb.202001064</pub-id>
        </element-citation>
      </ref>
      <ref id="ref-tanner2003">
        <element-citation publication-type="article-journal">
          <person-group person-group-type="author">
            <name>
              <surname>Tanner</surname>
              <given-names>Kimberly</given-names>
            </name>
            <name>
              <surname>Chatman</surname>
              <given-names>Liesl S.</given-names>
            </name>
            <name>
              <surname>Allen</surname>
              <given-names>Deborah</given-names>
            </name>
          </person-group>
          <article-title>Approaches to Cell Biology Teaching: Cooperative Learning in the Science ClassroomBeyond Students Working in Groups</article-title>
          <source>Cell Biology Education</source>
          <year iso-8601-date="2003-03">2003</year>
          <month>03</month>
          <volume>2</volume>
          <issue>1</issue>
          <uri>http://dx.doi.org/10.1187/cbe.03-03-0010</uri>
          <pub-id pub-id-type="doi">10.1187/cbe.03-03-0010</pub-id>
          <fpage>1</fpage>
          <lpage>5</lpage>
        </element-citation>
      </ref>
      <ref id="ref-reid2007">
        <element-citation publication-type="article-journal">
          <person-group person-group-type="author">
            <name>
              <surname>Reid</surname>
              <given-names>Norman</given-names>
            </name>
            <name>
              <surname>Shah</surname>
              <given-names>Iqbal</given-names>
            </name>
          </person-group>
          <article-title>The role of laboratory work in university chemistry</article-title>
          <source>Chem. Educ. Res. Pract.</source>
          <year iso-8601-date="2007">2007</year>
          <volume>8</volume>
          <issue>2</issue>
          <uri>http://dx.doi.org/10.1039/B5RP90026C</uri>
          <pub-id pub-id-type="doi">10.1039/b5rp90026c</pub-id>
          <fpage>172</fpage>
          <lpage>185</lpage>
        </element-citation>
      </ref>
      <ref id="ref-hofstein2003">
        <element-citation publication-type="article-journal">
          <person-group person-group-type="author">
            <name>
              <surname>Hofstein</surname>
              <given-names>Avi</given-names>
            </name>
            <name>
              <surname>Lunetta</surname>
              <given-names>Vincent N.</given-names>
            </name>
          </person-group>
          <article-title>The laboratory in science education: Foundations for the twenty-first century</article-title>
          <source>Science Education</source>
          <year iso-8601-date="2003">2003</year>
          <volume>88</volume>
          <issue>1</issue>
          <uri>http://dx.doi.org/10.1002/sce.10106</uri>
          <pub-id pub-id-type="doi">10.1002/sce.10106</pub-id>
          <fpage>28</fpage>
          <lpage>54</lpage>
        </element-citation>
      </ref>
    </ref-list>
  </back>
  <sub-article article-type="notebook" id="nb-7-nb-article">
    <front-stub>
      <title-group>
        <article-title>Studentsourcing - aggregating and re-using data from a
practical cell biology course</article-title>
      </title-group>
      <contrib-group>
        <contrib contrib-type="author" corresp="yes">
          <contrib-id contrib-id-type="orcid">0000-0002-0630-3825</contrib-id>
          <name>
            <surname>Goedhart</surname>
            <given-names>Joachim</given-names>
          </name>
          <string-name>Joachim Goedhart</string-name>
          <email>j.goedhart@uva.nl</email>
          <role vocab="https://credit.niso.org" vocab-term="conceptualization" vocab-term-identifier="https://credit.niso.org/contributor-roles/conceptualization/">Conceptualization</role>
          <role vocab="https://credit.niso.org" vocab-term="funding acquisition" vocab-term-identifier="https://credit.niso.org/contributor-roles/funding-acquisition/">Funding
acquisition</role>
          <role vocab="https://credit.niso.org" vocab-term="writing – original draft" vocab-term-identifier="https://credit.niso.org/contributor-roles/writing-original-draft/">Writing</role>
          <role vocab="https://credit.niso.org" vocab-term="software" vocab-term-identifier="https://credit.niso.org/contributor-roles/software/">Software</role>
          <role vocab="https://credit.niso.org" vocab-term="visualization" vocab-term-identifier="https://credit.niso.org/contributor-roles/visualization/">Visualization</role>
          <role vocab="https://credit.niso.org" vocab-term="writing – original draft" vocab-term-identifier="https://credit.niso.org/contributor-roles/writing-original-draft/">Writing
– original draft</role>
          <xref ref-type="aff" rid="aff-1-nb-article">a</xref>
          <xref ref-type="corresp" rid="cor-1-nb-article">*</xref>
        </contrib>
      </contrib-group>
      <aff id="aff-1-nb-article">
        <institution-wrap>
          <institution>Molecular Cytology, SILS - University of Amsterdam, The
Netherlands</institution>
        </institution-wrap>
      </aff>
      <author-notes>
        <corresp id="cor-1-nb-article">j.goedhart@uva.nl</corresp>
      </author-notes>
      <abstract>
        <p>Data that is generated by students during a course is often lost as
there is no centrally organized collection and storage of the data. The
loss of data prevents its re-use. To provide access to these data, I
present an approach that I call studentsourcing. It collects, aggregates
and re-uses data that is generated by students in a practical course on
cell biology. The course runs annually and I have recorded the data that
was generated by &gt;100 students over 3 years. Two use cases illustrate
how the data can be aggregated and re-used either for the scientific
record or for teaching. As the data is obtained by different students,
in different groups, over different years, it is an excellent
opportunity to discuss experimental design and modern data visualization
methods such as the superplot. The first use case demonstrates how the
data can be presented as an online, interactive dashboard, providing
real-time data of the measurements. The second use case shows how
central data storage provides a unique opportunity to get precise
quantitative data due to the large sample size. Both use cases
illustrate how data can be effectively aggregated and re-used.</p>
      </abstract>
    </front-stub>
    <body>
      <sec id="sec-introduction-nb-article">
        <title>Introduction</title>
        <p>Teaching practical skills in a lab course is a crucial part of
  education in biology, biomedical science, and life sciences
  (<xref alt="Hofstein and Lunetta 2003" rid="ref-hofstein2003-nb-article" ref-type="bibr">Hofstein
  and Lunetta 2003</xref>;
  <xref alt="Reid and Shah 2007" rid="ref-reid2007-nb-article" ref-type="bibr">Reid
  and Shah 2007</xref>). In these lab courses data is generated,
  reported and interpreted, much like <italic>real</italic> experimental
  lab work. However, students use their data just for their own lab
  report and the data is not centrally stored or aggregated. As a
  consequence, most of the data that is gathered in a lab course is
  lost. Yet, these data are potentially useful. Especially for larger
  course, an impressive amount of data under well-controlled conditions
  can be generated. Therefore, by collecting and aggregating the data of
  multiple students over multiple years, one can easily gather a large
  dataset with high numbers of independent observations
  (<xref alt="Lazic, Clarke-Williams, and Munafò 2018" rid="ref-lazic2018-nb-article" ref-type="bibr">Lazic,
  Clarke-Williams, and Munafò 2018</xref>).</p>
        <p>Microscopy is an essential tool in cell biology. The use of
  microscopes to observe cells and organisms has changed from a
  qualitative, descriptive approach, into a quantitative method
  (<xref alt="Senft et al. 2023" rid="ref-senft2023-nb-article" ref-type="bibr">Senft
  et al. 2023</xref>;
  <xref alt="Renz 2013" rid="ref-renz2013-nb-article" ref-type="bibr">Renz
  2013</xref>;
  <xref alt="Wait, Reiche, and Chew 2020" rid="ref-wait2020-nb-article" ref-type="bibr">Wait,
  Reiche, and Chew 2020</xref>;
  <xref alt="Waters 2009" rid="ref-waters2009-nb-article" ref-type="bibr">Waters
  2009</xref>). The development of digital cameras and image analysis
  software has catalyzed this transition
  (<xref alt="Carpenter 2007" rid="ref-carpenter2007-nb-article" ref-type="bibr">Carpenter
  2007</xref>). Therefore, experiments that use microscopes are often
  followed by bioimage analysis to extract quantitative information from
  the data. To teach these skills, we combine a basic course on
  microscopy in a course on cell biology with teaching image processing
  and analysis in ImageJ/FIJI
  (<xref alt="Schneider, Rasband, and Eliceiri 2012" rid="ref-schneider2012-nb-article" ref-type="bibr">Schneider,
  Rasband, and Eliceiri 2012</xref>). In a typical year, over one
  hundred students are enrolled in this course and therefore, a
  substantial amount of data is generated in the course.</p>
        <p>I decided to collect the data that was generated by the students in
  the lab course over several years and store the measurement results in
  a central location. The data by itself can be valuable for the
  scientific community as precise estimates with good statistics can be
  obtained. Moreover, the data are a starting point to discuss data
  visualization, experimental design and how experimental design affects
  the statistics and interpretation of data. Here, I report the methods
  to collect, process and visualize the data. The data re-use is
  demonstrated in two use cases.</p>
      </sec>
      <sec id="sec-data-methods-nb-article">
        <title>Methods</title>
        <p>For full reproducibility, this document is written using Quarto
  (Posit,
  <ext-link ext-link-type="uri" xlink:href="https://quarto.org/">https://quarto.org/</ext-link>),
  and the source code of the manuscript and the notebooks, and the data
  are availble in a repository:
  <ext-link ext-link-type="uri" xlink:href="https://github.com/JoachimGoedhart/MS-StudentSourcing">https://github.com/JoachimGoedhart/MS-StudentSourcing</ext-link>.
  A version rendered as HTML is avalaible and it provides easy access to
  the notebooks as well:
  <ext-link ext-link-type="uri" xlink:href="https://joachimgoedhart.github.io/MS-StudentSourcing/">https://joachimgoedhart.github.io/MS-StudentSourcing/</ext-link></p>
        <sec id="use-case-1-nb-article">
          <title>Use case 1</title>
          <p>
            <italic>Sample preparation and measurements</italic>
          </p>
          <p>A buccal swab is used to harvest cheek cells by scraping ~5 times
    over the inside of the cheek. The tip of the sample collector is
    dipped into an eppendorf tube with 40 µl PBS, and the cells are
    transferred to an object slide by touching the slide with the tip.
    Next, 10 µl of 0.1% methyleneblue solution is added and the sample
    is enclosed by a square coverslip (22 x 22 mm). The sample is used
    immediately to observe the cells with a Leica microscope, equipped
    with a Lumenera camera. A 20x or 40x objective is used to observe
    and image the cells. A separate image of a micrometer
    (<ext-link ext-link-type="uri" xlink:href="https://www.fishersci.com/shop/products/stage-graticules-s8/5028481">Electron
    Microscopy Sciences 6804208, Stage Micrometer S8, Horizontal Scale,
    1 mm Length</ext-link>) is acquired at the same magnification. The
    images are processed in ImageJ/FIJI and the dimensions of the images
    are calibrated with the micrometer image
    (<xref alt="Figure 1" rid="fig-students-side-nb-article">Figure 1</xref>). The
    line tool is used to measure the diameter of the cells (the longest
    axis).</p>
          <p>
            <italic>Data collection</italic>
          </p>
          <p>The data of the measurements is collected through a Google Form,
    an example of which is shown in
    <xref alt="Figure 1" rid="fig-students-side-nb-article">Figure 1</xref>. By
    submitting the form, the students give permission for the anonymous
    use of the data. The data that is recorded by the form is the group
    (A/B/C/D), the size measurements of the cheek cells and the size
    measurements of the nucleus. The data is aggregated in a Google
    Sheet which has four columns with data on Timestamp, Group, size of
    cells, size of nuclei. When correctly uploaded, the two columns with
    the size data have comma separated values of 10 measurements.</p>
          <fig id="fig-students-side-nb-article">
            <caption>
              <p>Figure 1: Overview of steps taken by the students to
      acquire and upload their data. The size of cells is measured by
      microscopy, the data is processed and recorded in their lab
      journal and finally, the data are uploaded by a Google
      form</p>
            </caption>
            <graphic mimetype="image" mime-subtype="png" xlink:href="images/Students-side.png"/>
          </fig>
          <p>
            <italic>Data processing</italic>
          </p>
          <p>The data that is in the Google Sheet can be downloaded and read
    into R as a CSV. All subsequent processing and data visualisation
    and presentation in dashboard style is done in R. The code is
    available on Github:
    <ext-link ext-link-type="uri" xlink:href="https://github.com/JoachimGoedhart/CellSizeR">https://github.com/JoachimGoedhart/CellSizeR</ext-link>.
    The cleaning of the data consists of removing empty cells, changing
    the column names, listing all individual measurements in a single
    row, forcing the data into a ‘numeric’ type and filtering for
    sensible values (anything outside the generous range of 0-1000 will
    be removed). A detailed protocol that explains the processing is
    available as protocol 10
    (<xref alt="Goedhart 2022" rid="ref-goedhart2022-nb-article" ref-type="bibr">Goedhart
    2022</xref>).</p>
          <p>
            <italic>Data visualisation</italic>
          </p>
          <p>A dashboard is composed in R Markdown with the
    <monospace>{flexdashboard}</monospace> package. The code is
    available here:
    <ext-link ext-link-type="uri" xlink:href="https://github.com/JoachimGoedhart/CellSizeR">https://github.com/JoachimGoedhart/CellSizeR</ext-link>
    and the live dashboard is available online:
    <ext-link ext-link-type="uri" xlink:href="https://amsterdamstudygroup.shinyapps.io/CellSizeR/">https://amsterdamstudygroup.shinyapps.io/CellSizeR/</ext-link></p>
        </sec>
        <sec id="use-case-2-nb-article">
          <title>Use case 2</title>
          <p>
            <italic>Sample preparation and measurements</italic>
          </p>
          <p>HeLa cells are cultured according to standard procedures and
    seeded 1 or 2 days before the treatment on 12 mm diameter glass
    coverslips. HeLa cells are incubated with 10 µM EdU for 30 minutes
    at 37 ˚C. The cells are fixed with 4% formaldehyde in PBS and
    permeabilised with 0.1% Triton X-100 in PBS. Click chemistry is
    performed with 9 µM Cy3-azide and 2 mM CuSO<sub>4</sub>. To start
    the reaction, 20 mg/ml ascorbate (final concentration) is added and
    the solution is used immediately to stain the cells. After 30
    minutes, the cells are washed 3x with PBS and the sample is
    incubated with 0.1 µg/ml DAPI for 5 minutes. Samples are mounted in
    Mowiol and used for observation with fluorescence microscopy. Images
    of at least 100 cells are acquired with the DAPI and TRITC filters
    sets. The nuclei in both channels are counted by hand, or in an
    automated way by segmentation and ‘particle analysis’ in imageJ to
    calculate the percentage of cells that are positive for Cy3
    fluorescence, reflecting cells in the S-phase.</p>
          <p>
            <italic>Data collection</italic>
          </p>
          <p>The data of the measurements is collected through a Google Form.
    By submitting the form, the students give permission for the
    anonymous use of the data. The data that is recorded is the group
    (A/B/C/D), the percentage of cells in the S-phase for two methods,
    i.e. manual and using ImageJ/FIJI. The form is easy to set up and
    the data is collected in Google Sheets, yielding four columns;
    Timestamp, Group, and two columns with percentages of S-phase
    determined by the two methods.</p>
          <p>
            <italic>Data processing &amp; visualization</italic>
          </p>
          <p>The data that is in the Google Sheet can be downloaded and read
    into R
    (<xref alt="R Core Team 2022" rid="ref-RCore-nb-article" ref-type="bibr">R Core
    Team 2022</xref>) as a CSV. All subsequent processing and data
    visualization is done with R and quarto. The cleaning of the data
    consists of removing empty cells, changing the column names,
    conversion to a tidy format, forcing the data into a ‘numeric’ type
    and filtering for sensible values (anything outside the generous
    range of 0-100 will be removed).</p>
        </sec>
      </sec>
      <sec id="sec-results-nb-article">
        <title>Results</title>
        <sec id="use-case-1-comparing-new-results-with-historical-data-nb-article">
          <title>Use case 1: Comparing new results with historical
    data</title>
          <p>The aim of the experiment is to determine the average size
    (diameter) of a human cheek cell and nucleus. To this end, the
    students acquire images of their own, stained cheek cells and
    measure the size of the cell and its nucleus. At least 10
    measurements are made and the data are uploaded with a Google form.
    Each sample is an independent observation as it originates from a
    unique human specimen. To evaluate the accuracy of their own
    measurements, the students can compare their data with the
    historical data that is displayed on an online, interactive
    dashboard:
    <ext-link ext-link-type="uri" xlink:href="https://amsterdamstudygroup.shinyapps.io/CellSizeR/">https://amsterdamstudygroup.shinyapps.io/CellSizeR/</ext-link>.
    A snapshot of the dashboard is shown in
    <xref alt="Figure 2" rid="fig-dashboard-nb-article">Figure 2</xref>.</p>
          <fig id="fig-dashboard-nb-article">
            <caption>
              <p>Figure 2: Screenshot of the dashboard that summarized
      the data on human cheek cell size measurements. The dashboard also
      displays the total number of entries and other
      metadata.</p>
            </caption>
            <graphic mimetype="image" mime-subtype="png" xlink:href="images/Dashboard_230828.png"/>
          </fig>
          <p>The dashboard is interactive and users can select the data from
    all measurements, or from a single year and the number of bins can
    be adjusted. Additionally, by hovering over the plots, the values of
    the data can be read (as shown in
    <xref alt="Figure 2" rid="fig-dashboard-nb-article">Figure 2</xref>). The
    dashboard also shows the data for the 4 different groups and the
    size distribution of the cells by violin plots.</p>
          <p>The histogram on the dashboard is the primary data that is useful
    for the students. It visualizes the distribution of individual data
    for both the cell and the nucleus. Since the sizes vary
    susbtantially, the data can be shown on a log-scale as well on the
    dashboard
    (<xref alt="Figure 3" rid="fig-histogram-nb-article">Figure 3</xref>). The main
    reason that the measurements differ by an order of magnitude, is
    that the size measurement requires correct calibration of the field
    of view with a micro ruler. When the calibration is done
    incorrectly, this will affect the accuracy of the measurement,
    usually by a factor of 10.</p>
          <sec id="cell-fig-histogram-nb-article" specific-use="notebook-code">
            <code language="python">ggplot(df, aes(x=Size, fill=Sample)) +
  
  geom_histogram(bins = 100, alpha=.8, color='grey40') +
  # scale_x_log10() +
  labs(y="Count", x="Size [µm]") +
  # coord_cartesian(xlim = c(0.5,120)) +
  theme_light(base_size = 16) + theme(axis.text.y = element_blank()) +
  facet_wrap(~Sample) +
  theme(legend.position = "none") +
  
  #Force the y-axis to start at zero
  scale_y_continuous(expand = c(0, NA), limits = c(0,150)) +
  #Apply a logarithmic scale to the x-axis and set the numbers for the scale
  scale_x_log10(breaks = c(1,10,100), limits = c(.5,200)) +
  #Remove minor gridlines
  theme(panel.grid.minor = element_blank()) +
  #Add ticks to the bottom, outside
  annotation_logticks(sides="b", outside = TRUE) +
  #Give a little more space to the log-ticks by adding margin to the top of the x-axis text
  theme(axis.text.x = element_text(margin = margin(t=8))) +
  #Needed to see the tcks outside the plot panel
  coord_cartesian(clip = "off")</code>
            <sec id="cell-fig-histogram-output-0-nb-article" specific-use="notebook-output">
              <fig id="fig-histogram-nb-article">
                <caption>
                  <p>Figure 3: Distribution of the measured size of human
      cheek cells and their nucleus on a log scale. Data from three
      years.</p>
                </caption>
                <graphic mimetype="image" mime-subtype="png" xlink:href="index_files/figure-jats/fig-histogram-output-1.png"/>
              </fig>
            </sec>
          </sec>
          <p>Ideally, the students see the multimodal distrbution and realize
    that the peaks are an order of magnitude different. Even if they
    don’t, they will probably assume that the majority of measurements
    is correct. In any case, it is possible for the students to make a
    comparison and discuss their results in the context of the
    historical data.</p>
        </sec>
        <sec id="use-case-2-determination-of-the-percentage-of-cells-in-s-phase-nb-article">
          <title>Use case 2: Determination of the percentage of cells in
    S-phase</title>
          <p>The aim of the experiment is is to determine the number of cells,
    as percentage, that is in the S-phase. To this end, students stain
    cells that are treated with EdU and they use these samples to
    quantify the percentage of cells in the S-phase in two ways (manual
    and semi-automated). The results are uploaded via a Google Form. The
    collected data can be analysed in multiple ways and here we used it
    to compare the two analysis methods and, secondly, to obtain an
    estimate for the percentage of S-phase cells. The data on the two
    analysis methods, manual and automated, is paired and can be
    visualised by a doplot in which the pairs of the data are connected
    (<xref alt="Figure 4" rid="fig-paired-data-nb-article">Figure 4</xref>). The
    slopes of the lines vary a lot, whereas the average values per year
    between the two methods is similar. This implies that there can be
    substantial differences between the two methods, with roughly a
    similar number of cases where the automated analysis over- or
    underestimates the percentage, relative to the manual analysis.</p>
          <sec id="cell-fig-paired-data-nb-article" specific-use="notebook-code">
            <code language="python">        p &lt;- ggplot(df, aes(x=Analysis, y=S_phase))

        p &lt;- p + geom_point(alpha=0.3)  +
          geom_line(aes(group=Time), alpha=0.3) +
          stat_summary(fun = median, geom = "point", size=6, shape=21, fill="grey", alpha=0.9)
        p &lt;- p + labs(x="", y="S-phase [%]")

        p &lt;- p + coord_cartesian(ylim = c(0,100))

        p &lt;- p + theme_light(base_size = 16) 
        p &lt;- p + facet_wrap(~year)
        p</code>
            <sec id="cell-fig-paired-data-output-0-nb-article" specific-use="notebook-output">
              <fig id="fig-paired-data-nb-article">
                <caption>
                  <p>Figure 4: Comparing the manual and automated
      analysis.</p>
                </caption>
                <graphic mimetype="image" mime-subtype="png" xlink:href="index_files/figure-jats/fig-paired-data-output-1.png"/>
              </fig>
            </sec>
          </sec>
          <p>There is increasing attention on effects of experimental design
    on data analysis and visualization. The recently proposed superplot
    to distinguish biological and technical replicates is an intuitive
    and straightforward way to communicate the design
    (<xref alt="Lord et al. 2020" rid="ref-lord2020-nb-article" ref-type="bibr">Lord
    et al. 2020</xref>). The data on S-phase consists of both technical
    and biological replicates and is therefore ideally suited to explain
    the importance of correctly identifying the independent
    measurements. Here, we treat the data from each group as biological
    replicate, and the measurements within each group as a technical
    replicate. The reason is that a group of students all stain cells
    that are from the same passage number and treated at the same time
    and is therefore a technical replicate. On the other hand, different
    groups stain different passages of cells and so we treat these as
    independent observations. When the data is plotted for each
    individual technical replicate
    (<xref alt="Figure 5" rid="fig-superplot-nb-article">Figure 5</xref>), it can
    be observed that we received multiple submissions per group, leading
    to a precise measurement per group. The median values range from 23%
    to 44%. The average value of the independent observations is 36.7%
    [N=12, 95%CI: 33.0%-40.3%].</p>
          <sec id="cell-fig-superplot-nb-article" specific-use="notebook-code">
            <code language="python">p &lt;- p + geom_flat_violin(color=NA, scale = "width", width=0.6,position = position_nudge(x = .25, y = 0), trim=FALSE, alpha = 0.8)

p &lt;-  p + stat_summary(fun = mean, geom = "point", shape=21, stroke = .3, size=4, color="black", alpha=1)

p &lt;- p + scale_fill_viridis_d(begin=0.3, end=0.7)
p &lt;- p + scale_color_viridis_d(begin=0.3, end=0.7) 
p &lt;- p + labs(x="Replicate", y="S-phase [%]")
p &lt;- p + theme(axis.text.x = element_blank())

p</code>
            <sec id="cell-fig-superplot-output-0-nb-article" specific-use="notebook-output">
              <preformat>Warning: Using the `size` aesthietic with geom_polygon was deprecated in ggplot2 3.4.0.
ℹ Please use the `linewidth` aesthetic instead.</preformat>
            </sec>
            <sec id="cell-fig-superplot-output-1-nb-article" specific-use="notebook-output">
              <fig id="fig-superplot-nb-article">
                <caption>
                  <p>Figure 5: Data on the percentage of cells in e S-phase
      based on manual analysis. Each group &amp; year defines an
      independent observations and is shown as dotplot and the
      distribution. The larger dot reflects the median
      value.</p>
                </caption>
                <graphic mimetype="image" mime-subtype="png" xlink:href="index_files/figure-jats/fig-superplot-output-2.png"/>
              </fig>
            </sec>
          </sec>
        </sec>
      </sec>
      <sec id="sec-discussion-nb-article">
        <title>Discussion</title>
        <p>Data that is generated in courses is often recorded by individual
  students or groups of students in reports. However, it can be valuable
  and interesting to collect and use these data. Here, I present a
  flexible and straightforward approach to collect and display data from
  a large group of students and over several years. A combination of
  Google Forms/Sheets for data collection and R for data processing and
  visualization is used.</p>
        <p>In the first use case, the data is displayed in dashboard style.
  The dashboard gives a quick, interactive and complete overview of the
  data and it is used by students to evaluate their results. The
  aggregation of thet data and presentation on the dashboard is a nice
  reward for the students as they see that their data has value and is
  re-used by their peers.</p>
        <p>In the second use case, a quarto template is used to process and
  visualize the data. The use case shows how two methods can be compared
  and also shows that a high number of truly independent observations
  can be collected.</p>
        <p>For both use cases, the code is available and can be used as a
  starting point for the processing and visualization of other datasets.
  The approach that is presented here is not limited to practical
  courses. It can also be used to collect data from other crowds, or in
  collaborative science projects.</p>
        <p>Collecting and reusing the data has a number of advantageous
  aspects. First, a high number of measurements increases the precision
  of the measurement and therefore allows us to obtain precise numbers.
  Second, the historical data can be shared with the students and they
  can interpret and discuss their results in light of the existing data.
  Third, the obtained data serves as material that can be used to teach
  data manipulation, statistics and data visualization which is a
  fundamental aspect of science
  (<xref alt="Sailem, Cooper, and Bakal 2016" rid="ref-sailem2016-nb-article" ref-type="bibr">Sailem,
  Cooper, and Bakal 2016</xref>). The use cases described in this paper
  deal with these aspects.</p>
        <p>The aggregation of the data inevitably leads to a discussion on
  experimental design, as this is important to establish whether
  measurements are independent or not. This aspect of experimental
  design has received attention over the last years
  (<xref alt="Aarts et al. 2015" rid="ref-Aarts2015-nb-article" ref-type="bibr">Aarts
  et al. 2015</xref>;
  <xref alt="Sikkel et al. 2017" rid="ref-sikkel2017-nb-article" ref-type="bibr">Sikkel
  et al. 2017</xref>;
  <xref alt="Eisner 2021" rid="ref-eisner2021-nb-article" ref-type="bibr">Eisner
  2021</xref>) and it is valuable to teach this aspect of data analysis
  and visualization. Although I have not implemented this yet, I think
  that having students participate in the data aggregation, creates a
  very practical opportunity to teach experimental design and the
  identification of biological units
  (<xref alt="Lazic, Clarke-Williams, and Munafò 2018" rid="ref-lazic2018-nb-article" ref-type="bibr">Lazic,
  Clarke-Williams, and Munafò 2018</xref>). In addition, it may
  stimulate cooperative learning
  (<xref alt="Tanner, Chatman, and Allen 2003" rid="ref-tanner2003-nb-article" ref-type="bibr">Tanner,
  Chatman, and Allen 2003</xref>).</p>
        <p>In conclusion, I feel it is valuable to collect data from practical
  courses and here we report one way to achieve that. I hope that serves
  as a starting point for others that want to collect, store and use
  data from large groups of students.</p>
        <sec id="data-availability-nb-article">
          <title>Data availability</title>
          <p>The data is available at:
    <ext-link ext-link-type="uri" xlink:href="https://doi.org/10.5281/zenodo.8359955">https://doi.org/10.5281/zenodo.8359955</ext-link></p>
        </sec>
        <sec id="code-availability-nb-article">
          <title>Code availability</title>
          <p>The code for this manuscript is available here:
    <ext-link ext-link-type="uri" xlink:href="https://github.com/JoachimGoedhart/MS-StudentSourcing">https://github.com/JoachimGoedhart/MS-StudentSourcing</ext-link>
    and it includes the notebook that was generated to analyze the
    S-phase data:
    <ext-link ext-link-type="uri" xlink:href="https://github.com/JoachimGoedhart/MS-StudentSourcing/tree/main/notebooks">https://github.com/JoachimGoedhart/MS-StudentSourcing/tree/main/notebooks</ext-link>
    The code for the dashboard ‘CellSizeR’ is deposited here:
    <ext-link ext-link-type="uri" xlink:href="https://github.com/JoachimGoedhart/CellSizeR">https://github.com/JoachimGoedhart/CellSizeR</ext-link></p>
          <p>Versioned code with a DOI will be made available upon
    acceptance.</p>
        </sec>
        <sec id="contributions-nb-article">
          <title>Contributions</title>
          <p>J.G. conceived the project, acquired funding, wrote code, and
    wrote the manuscript.</p>
        </sec>
        <sec id="competing-interests-nb-article">
          <title>Competing interests</title>
          <p>The authors declare no competing interests</p>
        </sec>
        <sec id="acknowledgments-nb-article">
          <title>Acknowledgments</title>
          <p>A
    <ext-link ext-link-type="uri" xlink:href="https://www.garrickadenbuie.com/blog/use-google-forms-and-r-to-track-data-easily/">blog
    post by Garrick Aden-Buie</ext-link> was very helpful in the initial
    phase of this project. Many thanks to the people involved in Quarto,
    which was used to write and shape this paper. Most importantly, I’d
    like to thank all students involved in the course that have
    generously shared their data, making this project a success.</p>
        </sec>
      </sec>
      <sec id="references-nb-article">
        <title>References</title>
      </sec>
    </body>
    <back>
      <ref-list>
        <ref id="ref-lazic2018-nb-article">
          <element-citation publication-type="article-journal">
            <person-group person-group-type="author">
              <name>
                <surname>Lazic</surname>
                <given-names>Stanley E.</given-names>
              </name>
              <name>
                <surname>Clarke-Williams</surname>
                <given-names>Charlie J.</given-names>
              </name>
              <name>
                <surname>Munafò</surname>
                <given-names>Marcus R.</given-names>
              </name>
            </person-group>
            <article-title>What exactly is ‘N’ in cell culture and animal experiments?</article-title>
            <source>PLOS Biology</source>
            <year iso-8601-date="2018-04-04">2018</year>
            <month>04</month>
            <day>04</day>
            <volume>16</volume>
            <issue>4</issue>
            <uri>http://dx.doi.org/10.1371/journal.pbio.2005282</uri>
            <pub-id pub-id-type="doi">10.1371/journal.pbio.2005282</pub-id>
            <fpage>e2005282</fpage>
            <lpage/>
          </element-citation>
        </ref>
        <ref id="ref-senft2023-nb-article">
          <element-citation publication-type="article-journal">
            <person-group person-group-type="author">
              <name>
                <surname>Senft</surname>
                <given-names>Rebecca A.</given-names>
              </name>
              <name>
                <surname>Diaz-Rohrer</surname>
                <given-names>Barbara</given-names>
              </name>
              <name>
                <surname>Colarusso</surname>
                <given-names>Pina</given-names>
              </name>
              <name>
                <surname>Swift</surname>
                <given-names>Lucy</given-names>
              </name>
              <name>
                <surname>Jamali</surname>
                <given-names>Nasim</given-names>
              </name>
              <name>
                <surname>Jambor</surname>
                <given-names>Helena</given-names>
              </name>
              <name>
                <surname>Pengo</surname>
                <given-names>Thomas</given-names>
              </name>
              <name>
                <surname>Brideau</surname>
                <given-names>Craig</given-names>
              </name>
              <name>
                <surname>Llopis</surname>
                <given-names>Paula Montero</given-names>
              </name>
              <name>
                <surname>Uhlmann</surname>
                <given-names>Virginie</given-names>
              </name>
              <name>
                <surname>Kirk</surname>
                <given-names>Jason</given-names>
              </name>
              <name>
                <surname>Gonzales</surname>
                <given-names>Kevin Andrew</given-names>
              </name>
              <name>
                <surname>Bankhead</surname>
                <given-names>Peter</given-names>
              </name>
              <name>
                <surname>Evans</surname>
                <given-names>Edward L.</given-names>
              </name>
              <name>
                <surname>Eliceiri</surname>
                <given-names>Kevin W.</given-names>
              </name>
              <name>
                <surname>Cimini</surname>
                <given-names>Beth A.</given-names>
              </name>
            </person-group>
            <article-title>A biologist’s guide to planning and performing quantitative bioimaging experiments</article-title>
            <source>PLOS Biology</source>
            <year iso-8601-date="2023-06-27">2023</year>
            <month>06</month>
            <day>27</day>
            <volume>21</volume>
            <issue>6</issue>
            <uri>http://dx.doi.org/10.1371/journal.pbio.3002167</uri>
            <pub-id pub-id-type="doi">10.1371/journal.pbio.3002167</pub-id>
            <fpage>e3002167</fpage>
            <lpage/>
          </element-citation>
        </ref>
        <ref id="ref-renz2013-nb-article">
          <element-citation publication-type="article-journal">
            <person-group person-group-type="author">
              <name>
                <surname>Renz</surname>
                <given-names>Malte</given-names>
              </name>
            </person-group>
            <article-title>Fluorescence microscopy-A historical and technical perspective</article-title>
            <source>Cytometry Part A</source>
            <year iso-8601-date="2013-04-12">2013</year>
            <month>04</month>
            <day>12</day>
            <volume>83</volume>
            <issue>9</issue>
            <uri>http://dx.doi.org/10.1002/cyto.a.22295</uri>
            <pub-id pub-id-type="doi">10.1002/cyto.a.22295</pub-id>
            <fpage>767</fpage>
            <lpage>779</lpage>
          </element-citation>
        </ref>
        <ref id="ref-wait2020-nb-article">
          <element-citation publication-type="article-journal">
            <person-group person-group-type="author">
              <name>
                <surname>Wait</surname>
                <given-names>Eric C.</given-names>
              </name>
              <name>
                <surname>Reiche</surname>
                <given-names>Michael A.</given-names>
              </name>
              <name>
                <surname>Chew</surname>
                <given-names>Teng-Leong</given-names>
              </name>
            </person-group>
            <article-title>Hypothesis-driven quantitative fluorescence microscopy  the importance of reverse-thinking in experimental design</article-title>
            <source>Journal of Cell Science</source>
            <year iso-8601-date="2020-11-01">2020</year>
            <month>11</month>
            <day>01</day>
            <volume>133</volume>
            <issue>21</issue>
            <uri>http://dx.doi.org/10.1242/jcs.250027</uri>
            <pub-id pub-id-type="doi">10.1242/jcs.250027</pub-id>
          </element-citation>
        </ref>
        <ref id="ref-waters2009-nb-article">
          <element-citation publication-type="article-journal">
            <person-group person-group-type="author">
              <name>
                <surname>Waters</surname>
                <given-names>Jennifer C.</given-names>
              </name>
            </person-group>
            <article-title>Accuracy and precision in quantitative fluorescence microscopy</article-title>
            <source>Journal of Cell Biology</source>
            <year iso-8601-date="2009-06-29">2009</year>
            <month>06</month>
            <day>29</day>
            <volume>185</volume>
            <issue>7</issue>
            <uri>http://dx.doi.org/10.1083/jcb.200903097</uri>
            <pub-id pub-id-type="doi">10.1083/jcb.200903097</pub-id>
            <fpage>1135</fpage>
            <lpage>1148</lpage>
          </element-citation>
        </ref>
        <ref id="ref-carpenter2007-nb-article">
          <element-citation publication-type="article-journal">
            <person-group person-group-type="author">
              <name>
                <surname>Carpenter</surname>
                <given-names>Anne E</given-names>
              </name>
            </person-group>
            <article-title>Software opens the door to quantitative imaging</article-title>
            <source>Nature Methods</source>
            <year iso-8601-date="2007-02">2007</year>
            <month>02</month>
            <volume>4</volume>
            <issue>2</issue>
            <uri>http://dx.doi.org/10.1038/nmeth0207-120</uri>
            <pub-id pub-id-type="doi">10.1038/nmeth0207-120</pub-id>
            <fpage>120</fpage>
            <lpage>121</lpage>
          </element-citation>
        </ref>
        <ref id="ref-schneider2012-nb-article">
          <element-citation publication-type="article-journal">
            <person-group person-group-type="author">
              <name>
                <surname>Schneider</surname>
                <given-names>Caroline A</given-names>
              </name>
              <name>
                <surname>Rasband</surname>
                <given-names>Wayne S</given-names>
              </name>
              <name>
                <surname>Eliceiri</surname>
                <given-names>Kevin W</given-names>
              </name>
            </person-group>
            <article-title>NIH Image to ImageJ: 25 years of image analysis</article-title>
            <source>Nature Methods</source>
            <year iso-8601-date="2012-06-28">2012</year>
            <month>06</month>
            <day>28</day>
            <volume>9</volume>
            <issue>7</issue>
            <uri>http://dx.doi.org/10.1038/nmeth.2089</uri>
            <pub-id pub-id-type="doi">10.1038/nmeth.2089</pub-id>
            <fpage>671</fpage>
            <lpage>675</lpage>
          </element-citation>
        </ref>
        <ref id="ref-goedhart2022-nb-article">
          <element-citation publication-type="book">
            <person-group person-group-type="author">
              <name>
                <surname>Goedhart</surname>
                <given-names>Joachim</given-names>
              </name>
            </person-group>
            <source>DataViz protocols - an introduction to data visualization protocols for wet lab scientists</source>
            <publisher-name>Zenodo</publisher-name>
            <year iso-8601-date="2022-10-27">2022</year>
            <month>10</month>
            <day>27</day>
            <uri>https://joachimgoedhart.github.io/DataViz-protocols/</uri>
            <pub-id pub-id-type="doi">10.5281/ZENODO.7257808</pub-id>
          </element-citation>
        </ref>
        <ref id="ref-sailem2016-nb-article">
          <element-citation publication-type="article-journal">
            <person-group person-group-type="author">
              <name>
                <surname>Sailem</surname>
                <given-names>Heba Z.</given-names>
              </name>
              <name>
                <surname>Cooper</surname>
                <given-names>Sam</given-names>
              </name>
              <name>
                <surname>Bakal</surname>
                <given-names>Chris</given-names>
              </name>
            </person-group>
            <article-title>Visualizing quantitative microscopy data: History and challenges</article-title>
            <source>Critical Reviews in Biochemistry and Molecular Biology</source>
            <year iso-8601-date="2016-02-24">2016</year>
            <month>02</month>
            <day>24</day>
            <volume>51</volume>
            <issue>2</issue>
            <uri>http://dx.doi.org/10.3109/10409238.2016.1146222</uri>
            <pub-id pub-id-type="doi">10.3109/10409238.2016.1146222</pub-id>
            <fpage>96</fpage>
            <lpage>101</lpage>
          </element-citation>
        </ref>
        <ref id="ref-RCore-nb-article">
          <element-citation publication-type="book">
            <person-group person-group-type="author">
              <string-name>R Core Team</string-name>
            </person-group>
            <source>R: A language and environment for statistical computing</source>
            <publisher-name>R Foundation for Statistical Computing</publisher-name>
            <publisher-loc>Vienna, Austria</publisher-loc>
            <year iso-8601-date="2022">2022</year>
            <uri>https://www.R-project.org/</uri>
          </element-citation>
        </ref>
        <ref id="ref-Aarts2015-nb-article">
          <element-citation publication-type="article-journal">
            <person-group person-group-type="author">
              <name>
                <surname>Aarts</surname>
                <given-names>Emmeke</given-names>
              </name>
              <name>
                <surname>Dolan</surname>
                <given-names>Conor V.</given-names>
              </name>
              <name>
                <surname>Verhage</surname>
                <given-names>Matthijs</given-names>
              </name>
              <name>
                <surname>Sluis</surname>
                <given-names>Sophie van der</given-names>
              </name>
            </person-group>
            <article-title>Multilevel analysis quantifies variation in the experimental effect while optimizing power and preventing false positives</article-title>
            <source>BMC Neuroscience</source>
            <year iso-8601-date="2015-12">2015</year>
            <month>12</month>
            <volume>16</volume>
            <issue>1</issue>
            <uri>http://dx.doi.org/10.1186/s12868-015-0228-5</uri>
            <pub-id pub-id-type="doi">10.1186/s12868-015-0228-5</pub-id>
          </element-citation>
        </ref>
        <ref id="ref-eisner2021-nb-article">
          <element-citation publication-type="article-journal">
            <person-group person-group-type="author">
              <name>
                <surname>Eisner</surname>
                <given-names>David A.</given-names>
              </name>
            </person-group>
            <article-title>Pseudoreplication in physiology: More means less</article-title>
            <source>Journal of General Physiology</source>
            <year iso-8601-date="2021-01-19">2021</year>
            <month>01</month>
            <day>19</day>
            <volume>153</volume>
            <issue>2</issue>
            <uri>http://dx.doi.org/10.1085/jgp.202012826</uri>
            <pub-id pub-id-type="doi">10.1085/jgp.202012826</pub-id>
          </element-citation>
        </ref>
        <ref id="ref-sikkel2017-nb-article">
          <element-citation publication-type="article-journal">
            <person-group person-group-type="author">
              <name>
                <surname>Sikkel</surname>
                <given-names>Markus B</given-names>
              </name>
              <name>
                <surname>Francis</surname>
                <given-names>Darrel P</given-names>
              </name>
              <name>
                <surname>Howard</surname>
                <given-names>James</given-names>
              </name>
              <name>
                <surname>Gordon</surname>
                <given-names>Fabiana</given-names>
              </name>
              <name>
                <surname>Rowlands</surname>
                <given-names>Christina</given-names>
              </name>
              <name>
                <surname>Peters</surname>
                <given-names>Nicholas S</given-names>
              </name>
              <name>
                <surname>Lyon</surname>
                <given-names>Alexander R</given-names>
              </name>
              <name>
                <surname>Harding</surname>
                <given-names>Sian E</given-names>
              </name>
              <name>
                <surname>MacLeod</surname>
                <given-names>Kenneth T</given-names>
              </name>
            </person-group>
            <article-title>Hierarchical statistical techniques are necessary to draw reliable conclusions from analysis of isolated cardiomyocyte studies</article-title>
            <source>Cardiovascular Research</source>
            <year iso-8601-date="2017-08-30">2017</year>
            <month>08</month>
            <day>30</day>
            <volume>113</volume>
            <issue>14</issue>
            <uri>http://dx.doi.org/10.1093/cvr/cvx151</uri>
            <pub-id pub-id-type="doi">10.1093/cvr/cvx151</pub-id>
            <fpage>1743</fpage>
            <lpage>1752</lpage>
          </element-citation>
        </ref>
        <ref id="ref-lord2020-nb-article">
          <element-citation publication-type="article-journal">
            <person-group person-group-type="author">
              <name>
                <surname>Lord</surname>
                <given-names>Samuel J.</given-names>
              </name>
              <name>
                <surname>Velle</surname>
                <given-names>Katrina B.</given-names>
              </name>
              <name>
                <surname>Mullins</surname>
                <given-names>R. Dyche</given-names>
              </name>
              <name>
                <surname>Fritz-Laylin</surname>
                <given-names>Lillian K.</given-names>
              </name>
            </person-group>
            <article-title>SuperPlots: Communicating reproducibility and variability in cell biology</article-title>
            <source>Journal of Cell Biology</source>
            <year iso-8601-date="2020-04-28">2020</year>
            <month>04</month>
            <day>28</day>
            <volume>219</volume>
            <issue>6</issue>
            <uri>https://doi.org/10.1083/jcb.202001064</uri>
            <pub-id pub-id-type="doi">10.1083/jcb.202001064</pub-id>
          </element-citation>
        </ref>
        <ref id="ref-tanner2003-nb-article">
          <element-citation publication-type="article-journal">
            <person-group person-group-type="author">
              <name>
                <surname>Tanner</surname>
                <given-names>Kimberly</given-names>
              </name>
              <name>
                <surname>Chatman</surname>
                <given-names>Liesl S.</given-names>
              </name>
              <name>
                <surname>Allen</surname>
                <given-names>Deborah</given-names>
              </name>
            </person-group>
            <article-title>Approaches to Cell Biology Teaching: Cooperative Learning in the Science ClassroomBeyond Students Working in Groups</article-title>
            <source>Cell Biology Education</source>
            <year iso-8601-date="2003-03">2003</year>
            <month>03</month>
            <volume>2</volume>
            <issue>1</issue>
            <uri>http://dx.doi.org/10.1187/cbe.03-03-0010</uri>
            <pub-id pub-id-type="doi">10.1187/cbe.03-03-0010</pub-id>
            <fpage>1</fpage>
            <lpage>5</lpage>
          </element-citation>
        </ref>
        <ref id="ref-reid2007-nb-article">
          <element-citation publication-type="article-journal">
            <person-group person-group-type="author">
              <name>
                <surname>Reid</surname>
                <given-names>Norman</given-names>
              </name>
              <name>
                <surname>Shah</surname>
                <given-names>Iqbal</given-names>
              </name>
            </person-group>
            <article-title>The role of laboratory work in university chemistry</article-title>
            <source>Chem. Educ. Res. Pract.</source>
            <year iso-8601-date="2007">2007</year>
            <volume>8</volume>
            <issue>2</issue>
            <uri>http://dx.doi.org/10.1039/B5RP90026C</uri>
            <pub-id pub-id-type="doi">10.1039/b5rp90026c</pub-id>
            <fpage>172</fpage>
            <lpage>185</lpage>
          </element-citation>
        </ref>
        <ref id="ref-hofstein2003-nb-article">
          <element-citation publication-type="article-journal">
            <person-group person-group-type="author">
              <name>
                <surname>Hofstein</surname>
                <given-names>Avi</given-names>
              </name>
              <name>
                <surname>Lunetta</surname>
                <given-names>Vincent N.</given-names>
              </name>
            </person-group>
            <article-title>The laboratory in science education: Foundations for the twenty-first century</article-title>
            <source>Science Education</source>
            <year iso-8601-date="2003">2003</year>
            <volume>88</volume>
            <issue>1</issue>
            <uri>http://dx.doi.org/10.1002/sce.10106</uri>
            <pub-id pub-id-type="doi">10.1002/sce.10106</pub-id>
            <fpage>28</fpage>
            <lpage>54</lpage>
          </element-citation>
        </ref>
      </ref-list>
    </back>
  </sub-article>
  <!-- (F2ED4C6E)[nb-1]:/Users/joachimgoedhart/surfdrive/Manuscripts/MS-StudentSourcing/notebooks/PreciSe.qmd -->
  <!-- (F2ED4C6E)[nb-2]:/Users/joachimgoedhart/surfdrive/Manuscripts/MS-StudentSourcing/notebooks/CellSizeR.qmd -->
</article>
