<?xml version="1.0" encoding="UTF-8"?>
<!DOCTYPE manifest PUBLIC "-//MECA//DTD Manifest v1.0//en" "MECA_manifest.dtd">
<manifest manifest-version="2.0" xmlns="https://manuscriptexchange.org/schema/manifest" xmlns:xlink="http://www.w3.org/1999/xlink">
  <item item-type="article-metadata">
    <instance media-type="text/xml" xlink:href="index.xml"/>
  </item>
  <item item-type="manuscript">
    <instance media-type="application/pdf" xlink:href="index.pdf"/>
  </item>
  <item item-type="manuscript">
    <instance media-type="application/vnd.openxmlformats-officedocument.wordprocessingml.document" xlink:href="index.docx"/>
  </item>
  <item item-type="manuscript">
    <instance media-type="text/plain" xlink:href="_tex/index.tex"/>
  </item>
  <item item-type="manuscript-supporting-file">
    <instance media-type="image/png" xlink:href="index_files/figure-jats/fig-superplot-all-output-1.png"/>
  </item>
  <item item-type="manuscript-supporting-file">
    <instance media-type="image/png" xlink:href="index_files/figure-jats/fig-paired-data-output-1.png"/>
  </item>
  <item item-type="manuscript-supporting-file">
    <instance media-type="image/png" xlink:href="index_files/figure-jats/cell-15-output-1.png"/>
  </item>
  <item item-type="manuscript-supporting-file">
    <instance media-type="image/png" xlink:href="index_files/figure-jats/cell-3-output-1.png"/>
  </item>
  <item item-type="manuscript-supporting-file">
    <instance media-type="image/png" xlink:href="index_files/figure-jats/fig-histogram-sphase-output-1.png"/>
  </item>
  <item item-type="manuscript-supporting-file">
    <instance media-type="image/png" xlink:href="index_files/figure-jats/cell-6-output-1.png"/>
  </item>
  <item item-type="manuscript-supporting-file">
    <instance media-type="image/png" xlink:href="index_files/figure-jats/fig-superplot-output-2.png"/>
  </item>
  <item item-type="manuscript-supporting-file">
    <instance media-type="image/png" xlink:href="index_files/figure-jats/fig-histogram-output-1.png"/>
  </item>
  <item item-type="manuscript-supporting-file">
    <instance media-type="image/png" xlink:href="_tex/index_files/figure-latex/fig-superplot-all-output-1.png"/>
  </item>
  <item item-type="manuscript-supporting-file">
    <instance media-type="image/png" xlink:href="_tex/index_files/figure-latex/fig-paired-data-output-1.png"/>
  </item>
  <item item-type="manuscript-supporting-file">
    <instance media-type="image/png" xlink:href="_tex/index_files/figure-latex/cell-15-output-1.png"/>
  </item>
  <item item-type="manuscript-supporting-file">
    <instance media-type="image/png" xlink:href="_tex/index_files/figure-latex/cell-3-output-1.png"/>
  </item>
  <item item-type="manuscript-supporting-file">
    <instance media-type="image/png" xlink:href="_tex/index_files/figure-latex/fig-histogram-sphase-output-1.png"/>
  </item>
  <item item-type="manuscript-supporting-file">
    <instance media-type="image/png" xlink:href="_tex/index_files/figure-latex/cell-6-output-1.png"/>
  </item>
  <item item-type="manuscript-supporting-file">
    <instance media-type="image/png" xlink:href="_tex/index_files/figure-latex/fig-superplot-output-2.png"/>
  </item>
  <item item-type="manuscript-supporting-file">
    <instance media-type="image/png" xlink:href="_tex/index_files/figure-latex/fig-histogram-output-1.png"/>
  </item>
  <item item-type="manuscript-supporting-file">
    <instance media-type="image/png" xlink:href="_tex/images/Students-side.png"/>
  </item>
  <item item-type="manuscript-supporting-file">
    <instance media-type="image/png" xlink:href="_tex/images/Dashboard_230828.png"/>
  </item>
  <item item-type="manuscript-supporting-file">
    <instance media-type="application/octet-stream" xlink:href="_tex/agujournal2019.cls"/>
  </item>
  <item item-type="manuscript-supporting-file">
    <instance media-type="application/octet-stream" xlink:href="_tex/references.bib"/>
  </item>
  <item item-type="manuscript-supporting-file">
    <instance media-type="application/octet-stream" xlink:href="_tex/trackchanges.sty"/>
  </item>
  <item item-type="manuscript-supporting-file">
    <instance media-type="image/png" xlink:href="images/Students-side.png"/>
  </item>
  <item item-type="manuscript-supporting-file">
    <instance media-type="image/png" xlink:href="images/Dashboard_230828.png"/>
  </item>
  <item item-type="manuscript-supporting-file">
    <instance media-type="application/octet-stream" xlink:href="notebooks/PreciSe.qmd"/>
  </item>
  <item item-type="manuscript-supporting-file">
    <instance media-type="application/octet-stream" xlink:href="notebooks/CellSizeR.qmd"/>
  </item>
  <item item-type="manuscript-supporting-file">
    <instance media-type="application/octet-stream" xlink:href="index.qmd"/>
  </item>
  <item item-type="article-source">
    <instance media-type="application/octet-stream" xlink:href="source/.github/workflows/publish.yml"/>
  </item>
  <item item-type="article-source">
    <instance media-type="application/octet-stream" xlink:href="source/.gitignore"/>
  </item>
  <item item-type="article-source">
    <instance media-type="application/octet-stream" xlink:href="source/.nojekyll"/>
  </item>
  <item item-type="article-source">
    <instance media-type="application/vnd.openxmlformats-officedocument.wordprocessingml.document" xlink:href="source/MS-studentsourcing_v1.docx"/>
  </item>
  <item item-type="article-source">
    <instance media-type="text/markdown" xlink:href="source/README.md"/>
  </item>
  <item item-type="article-source">
    <instance media-type="image/png" xlink:href="source/Supplemental/Screenshot 2023-05-26 at 20.51.38.png"/>
  </item>
  <item item-type="article-source">
    <instance media-type="image/png" xlink:href="source/Supplemental/Screenshot 2023-05-26 at 20.52.31.png"/>
  </item>
  <item item-type="article-source">
    <instance media-type="application/octet-stream" xlink:href="source/_extensions/quarto-journals/agu/_extension.yml"/>
  </item>
  <item item-type="article-source">
    <instance media-type="application/octet-stream" xlink:href="source/_extensions/quarto-journals/agu/agu.lua"/>
  </item>
  <item item-type="article-source">
    <instance media-type="application/octet-stream" xlink:href="source/_extensions/quarto-journals/agu/agujournal2019.cls"/>
  </item>
  <item item-type="article-source">
    <instance media-type="application/octet-stream" xlink:href="source/_extensions/quarto-journals/agu/american-geophysical-union.csl"/>
  </item>
  <item item-type="article-source">
    <instance media-type="text/plain" xlink:href="source/_extensions/quarto-journals/agu/partials/_affiliations.tex"/>
  </item>
  <item item-type="article-source">
    <instance media-type="text/plain" xlink:href="source/_extensions/quarto-journals/agu/partials/_authors.tex"/>
  </item>
  <item item-type="article-source">
    <instance media-type="text/plain" xlink:href="source/_extensions/quarto-journals/agu/partials/_corresponding-author.tex"/>
  </item>
  <item item-type="article-source">
    <instance media-type="text/plain" xlink:href="source/_extensions/quarto-journals/agu/partials/before-body.tex"/>
  </item>
  <item item-type="article-source">
    <instance media-type="text/plain" xlink:href="source/_extensions/quarto-journals/agu/partials/title.tex"/>
  </item>
  <item item-type="article-source">
    <instance media-type="application/octet-stream" xlink:href="source/_extensions/quarto-journals/agu/trackchanges.sty"/>
  </item>
  <item item-type="article-source">
    <instance media-type="application/json" xlink:href="source/_freeze/index/execute-results/docx.json"/>
  </item>
  <item item-type="article-source">
    <instance media-type="application/json" xlink:href="source/_freeze/index/execute-results/html.json"/>
  </item>
  <item item-type="article-source">
    <instance media-type="application/json" xlink:href="source/_freeze/index/execute-results/ipynb.json"/>
  </item>
  <item item-type="article-source">
    <instance media-type="application/json" xlink:href="source/_freeze/index/execute-results/tex.json"/>
  </item>
  <item item-type="article-source">
    <instance media-type="application/json" xlink:href="source/_freeze/index/execute-results/xml.json"/>
  </item>
  <item item-type="article-source">
    <instance media-type="image/png" xlink:href="source/_freeze/index/figure-docx/cell-5-output-1.png"/>
  </item>
  <item item-type="article-source">
    <instance media-type="image/png" xlink:href="source/_freeze/index/figure-docx/cell-7-output-1.png"/>
  </item>
  <item item-type="article-source">
    <instance media-type="image/png" xlink:href="source/_freeze/index/figure-docx/cell-9-output-1.png"/>
  </item>
  <item item-type="article-source">
    <instance media-type="image/png" xlink:href="source/_freeze/index/figure-docx/fig-spatial-plot-output-1.png"/>
  </item>
  <item item-type="article-source">
    <instance media-type="image/png" xlink:href="source/_freeze/index/figure-docx/fig-timeline-1.png"/>
  </item>
  <item item-type="article-source">
    <instance media-type="image/png" xlink:href="source/_freeze/index/figure-html/cell-5-output-1.png"/>
  </item>
  <item item-type="article-source">
    <instance media-type="image/png" xlink:href="source/_freeze/index/figure-html/cell-7-output-1.png"/>
  </item>
  <item item-type="article-source">
    <instance media-type="image/png" xlink:href="source/_freeze/index/figure-html/cell-9-output-1.png"/>
  </item>
  <item item-type="article-source">
    <instance media-type="image/png" xlink:href="source/_freeze/index/figure-html/fig-spatial-plot-output-1.png"/>
  </item>
  <item item-type="article-source">
    <instance media-type="image/png" xlink:href="source/_freeze/index/figure-html/fig-timeline-1.png"/>
  </item>
  <item item-type="article-source">
    <instance media-type="image/png" xlink:href="source/_freeze/index/figure-ipynb/cell-5-output-1.png"/>
  </item>
  <item item-type="article-source">
    <instance media-type="image/png" xlink:href="source/_freeze/index/figure-ipynb/cell-7-output-1.png"/>
  </item>
  <item item-type="article-source">
    <instance media-type="image/png" xlink:href="source/_freeze/index/figure-ipynb/cell-9-output-1.png"/>
  </item>
  <item item-type="article-source">
    <instance media-type="image/png" xlink:href="source/_freeze/index/figure-ipynb/fig-spatial-plot-output-1.png"/>
  </item>
  <item item-type="article-source">
    <instance media-type="image/png" xlink:href="source/_freeze/index/figure-ipynb/fig-timeline-1.png"/>
  </item>
  <item item-type="article-source">
    <instance media-type="image/png" xlink:href="source/_freeze/index/figure-jats/cell-5-output-1.png"/>
  </item>
  <item item-type="article-source">
    <instance media-type="image/png" xlink:href="source/_freeze/index/figure-jats/cell-7-output-1.png"/>
  </item>
  <item item-type="article-source">
    <instance media-type="image/png" xlink:href="source/_freeze/index/figure-jats/cell-9-output-1.png"/>
  </item>
  <item item-type="article-source">
    <instance media-type="image/png" xlink:href="source/_freeze/index/figure-jats/fig-spatial-plot-output-1.png"/>
  </item>
  <item item-type="article-source">
    <instance media-type="image/png" xlink:href="source/_freeze/index/figure-jats/fig-timeline-1.png"/>
  </item>
  <item item-type="article-source">
    <instance media-type="image/png" xlink:href="source/_freeze/index/figure-latex/fig-spatial-plot-output-1.png"/>
  </item>
  <item item-type="article-source">
    <instance media-type="application/pdf" xlink:href="source/_freeze/index/figure-pdf/fig-timeline-1.pdf"/>
  </item>
  <item item-type="article-source">
    <instance media-type="application/json" xlink:href="source/_freeze/notebooks/CellSizeR/execute-results/html.json"/>
  </item>
  <item item-type="article-source">
    <instance media-type="image/png" xlink:href="source/_freeze/notebooks/CellSizeR/figure-html/fig-histogram-1.png"/>
  </item>
  <item item-type="article-source">
    <instance media-type="image/png" xlink:href="source/_freeze/notebooks/CellSizeR/figure-html/unnamed-chunk-3-1.png"/>
  </item>
  <item item-type="article-source">
    <instance media-type="application/json" xlink:href="source/_freeze/notebooks/PreciSe/execute-results/html.json"/>
  </item>
  <item item-type="article-source">
    <instance media-type="image/png" xlink:href="source/_freeze/notebooks/PreciSe/figure-html/fig-histogram-1.png"/>
  </item>
  <item item-type="article-source">
    <instance media-type="image/png" xlink:href="source/_freeze/notebooks/PreciSe/figure-html/fig-histogram-Sphase-1.png"/>
  </item>
  <item item-type="article-source">
    <instance media-type="image/png" xlink:href="source/_freeze/notebooks/PreciSe/figure-html/fig-paired-data-1.png"/>
  </item>
  <item item-type="article-source">
    <instance media-type="image/png" xlink:href="source/_freeze/notebooks/PreciSe/figure-html/fig-superplot-1.png"/>
  </item>
  <item item-type="article-source">
    <instance media-type="image/png" xlink:href="source/_freeze/notebooks/PreciSe/figure-html/fig-superplot-all-1.png"/>
  </item>
  <item item-type="article-source">
    <instance media-type="image/png" xlink:href="source/_freeze/notebooks/PreciSe/figure-html/unnamed-chunk-13-1.png"/>
  </item>
  <item item-type="article-source">
    <instance media-type="image/png" xlink:href="source/_freeze/notebooks/PreciSe/figure-html/unnamed-chunk-4-1.png"/>
  </item>
  <item item-type="article-source">
    <instance media-type="application/json" xlink:href="source/_freeze/notebooks/PreciSeR/execute-results/html.json"/>
  </item>
  <item item-type="article-source">
    <instance media-type="application/json" xlink:href="source/_freeze/notebooks/PreciSeR/execute-results/xml.json"/>
  </item>
  <item item-type="article-source">
    <instance media-type="image/png" xlink:href="source/_freeze/notebooks/PreciSeR/figure-html/unnamed-chunk-13-1.png"/>
  </item>
  <item item-type="article-source">
    <instance media-type="image/png" xlink:href="source/_freeze/notebooks/PreciSeR/figure-html/unnamed-chunk-4-1.png"/>
  </item>
  <item item-type="article-source">
    <instance media-type="image/png" xlink:href="source/_freeze/notebooks/PreciSeR/figure-html/unnamed-chunk-5-1.png"/>
  </item>
  <item item-type="article-source">
    <instance media-type="image/png" xlink:href="source/_freeze/notebooks/PreciSeR/figure-html/unnamed-chunk-6-1.png"/>
  </item>
  <item item-type="article-source">
    <instance media-type="image/png" xlink:href="source/_freeze/notebooks/PreciSeR/figure-jats/unnamed-chunk-13-1.png"/>
  </item>
  <item item-type="article-source">
    <instance media-type="image/png" xlink:href="source/_freeze/notebooks/PreciSeR/figure-jats/unnamed-chunk-4-1.png"/>
  </item>
  <item item-type="article-source">
    <instance media-type="image/png" xlink:href="source/_freeze/notebooks/PreciSeR/figure-jats/unnamed-chunk-5-1.png"/>
  </item>
  <item item-type="article-source">
    <instance media-type="image/png" xlink:href="source/_freeze/notebooks/PreciSeR/figure-jats/unnamed-chunk-6-1.png"/>
  </item>
  <item item-type="article-source">
    <instance media-type="application/json" xlink:href="source/_freeze/notebooks/explore-earthquakes/execute-results/html.json"/>
  </item>
  <item item-type="article-source">
    <instance media-type="application/json" xlink:href="source/_freeze/notebooks/explore-earthquakes/execute-results/ipynb.json"/>
  </item>
  <item item-type="article-source">
    <instance media-type="application/json" xlink:href="source/_freeze/notebooks/explore-earthquakes/execute-results/xml.json"/>
  </item>
  <item item-type="article-source">
    <instance media-type="image/png" xlink:href="source/_freeze/notebooks/explore-earthquakes/figure-html/fig-spatial-plot-1.png"/>
  </item>
  <item item-type="article-source">
    <instance media-type="image/png" xlink:href="source/_freeze/notebooks/explore-earthquakes/figure-ipynb/fig-spatial-plot-1.png"/>
  </item>
  <item item-type="article-source">
    <instance media-type="image/png" xlink:href="source/_freeze/notebooks/explore-earthquakes/figure-jats/fig-spatial-plot-1.png"/>
  </item>
  <item item-type="article-source">
    <instance media-type="text/css" xlink:href="source/_freeze/site_libs/bootstrap/bootstrap-icons.css"/>
  </item>
  <item item-type="article-source">
    <instance media-type="application/font-woff" xlink:href="source/_freeze/site_libs/bootstrap/bootstrap-icons.woff"/>
  </item>
  <item item-type="article-source">
    <instance media-type="text/css" xlink:href="source/_freeze/site_libs/bootstrap/bootstrap.min.css"/>
  </item>
  <item item-type="article-source">
    <instance media-type="application/javascript" xlink:href="source/_freeze/site_libs/bootstrap/bootstrap.min.js"/>
  </item>
  <item item-type="article-source">
    <instance media-type="application/javascript" xlink:href="source/_freeze/site_libs/clipboard/clipboard.min.js"/>
  </item>
  <item item-type="article-source">
    <instance media-type="application/javascript" xlink:href="source/_freeze/site_libs/manuscript-notebook/headroom.min.js"/>
  </item>
  <item item-type="article-source">
    <instance media-type="application/javascript" xlink:href="source/_freeze/site_libs/quarto-html/anchor.min.js"/>
  </item>
  <item item-type="article-source">
    <instance media-type="application/javascript" xlink:href="source/_freeze/site_libs/quarto-html/popper.min.js"/>
  </item>
  <item item-type="article-source">
    <instance media-type="text/css" xlink:href="source/_freeze/site_libs/quarto-html/quarto-syntax-highlighting.css"/>
  </item>
  <item item-type="article-source">
    <instance media-type="application/javascript" xlink:href="source/_freeze/site_libs/quarto-html/quarto.js"/>
  </item>
  <item item-type="article-source">
    <instance media-type="text/css" xlink:href="source/_freeze/site_libs/quarto-html/tippy.css"/>
  </item>
  <item item-type="article-source">
    <instance media-type="application/javascript" xlink:href="source/_freeze/site_libs/quarto-html/tippy.umd.min.js"/>
  </item>
  <item item-type="article-source">
    <instance media-type="application/octet-stream" xlink:href="source/_quarto.yml"/>
  </item>
  <item item-type="article-source">
    <instance media-type="application/octet-stream" xlink:href="source/docs/.nojekyll"/>
  </item>
  <item item-type="article-source">
    <instance media-type="application/octet-stream" xlink:href="source/docs/_tex/agujournal2019.cls"/>
  </item>
  <item item-type="article-source">
    <instance media-type="image/png" xlink:href="source/docs/_tex/images/Dashboard_230828.png"/>
  </item>
  <item item-type="article-source">
    <instance media-type="image/png" xlink:href="source/docs/_tex/images/Students-side.png"/>
  </item>
  <item item-type="article-source">
    <instance media-type="text/plain" xlink:href="source/docs/_tex/index.tex"/>
  </item>
  <item item-type="article-source">
    <instance media-type="image/png" xlink:href="source/docs/_tex/index_files/figure-latex/cell-15-output-1.png"/>
  </item>
  <item item-type="article-source">
    <instance media-type="image/png" xlink:href="source/docs/_tex/index_files/figure-latex/cell-3-output-1.png"/>
  </item>
  <item item-type="article-source">
    <instance media-type="image/png" xlink:href="source/docs/_tex/index_files/figure-latex/cell-6-output-1.png"/>
  </item>
  <item item-type="article-source">
    <instance media-type="image/png" xlink:href="source/docs/_tex/index_files/figure-latex/fig-histogram-output-1.png"/>
  </item>
  <item item-type="article-source">
    <instance media-type="image/png" xlink:href="source/docs/_tex/index_files/figure-latex/fig-paired-data-output-1.png"/>
  </item>
  <item item-type="article-source">
    <instance media-type="image/png" xlink:href="source/docs/_tex/index_files/figure-latex/fig-superplot-all-output-1.png"/>
  </item>
  <item item-type="article-source">
    <instance media-type="image/png" xlink:href="source/docs/_tex/index_files/figure-latex/fig-superplot-output-2.png"/>
  </item>
  <item item-type="article-source">
    <instance media-type="application/octet-stream" xlink:href="source/docs/_tex/references.bib"/>
  </item>
  <item item-type="article-source">
    <instance media-type="application/octet-stream" xlink:href="source/docs/_tex/trackchanges.sty"/>
  </item>
  <item item-type="article-source">
    <instance media-type="image/png" xlink:href="source/docs/images/Dashboard_230828.png"/>
  </item>
  <item item-type="article-source">
    <instance media-type="image/png" xlink:href="source/docs/images/Students-side.png"/>
  </item>
  <item item-type="article-source">
    <instance media-type="text/html" xlink:href="source/docs/index-preview.html"/>
  </item>
  <item item-type="article-source">
    <instance media-type="application/vnd.openxmlformats-officedocument.wordprocessingml.document" xlink:href="source/docs/index.docx"/>
  </item>
  <item item-type="article-source">
    <instance media-type="text/html" xlink:href="source/docs/index.html"/>
  </item>
  <item item-type="article-source">
    <instance media-type="application/x-ipynb+json" xlink:href="source/docs/index.out.ipynb"/>
  </item>
  <item item-type="article-source">
    <instance media-type="application/pdf" xlink:href="source/docs/index.pdf"/>
  </item>
  <item item-type="article-source">
    <instance media-type="application/octet-stream" xlink:href="source/docs/index.qmd"/>
  </item>
  <item item-type="article-source">
    <instance media-type="text/xml" xlink:href="source/docs/index.xml"/>
  </item>
  <item item-type="article-source">
    <instance media-type="image/png" xlink:href="source/docs/index_files/figure-html/cell-15-output-1.png"/>
  </item>
  <item item-type="article-source">
    <instance media-type="image/png" xlink:href="source/docs/index_files/figure-html/cell-3-output-1.png"/>
  </item>
  <item item-type="article-source">
    <instance media-type="image/png" xlink:href="source/docs/index_files/figure-html/cell-6-output-1.png"/>
  </item>
  <item item-type="article-source">
    <instance media-type="image/png" xlink:href="source/docs/index_files/figure-html/fig-histogram-output-1.png"/>
  </item>
  <item item-type="article-source">
    <instance media-type="image/png" xlink:href="source/docs/index_files/figure-html/fig-histogram-sphase-output-1.png"/>
  </item>
  <item item-type="article-source">
    <instance media-type="image/png" xlink:href="source/docs/index_files/figure-html/fig-paired-data-output-1.png"/>
  </item>
  <item item-type="article-source">
    <instance media-type="image/png" xlink:href="source/docs/index_files/figure-html/fig-superplot-all-output-1.png"/>
  </item>
  <item item-type="article-source">
    <instance media-type="image/png" xlink:href="source/docs/index_files/figure-html/fig-superplot-output-2.png"/>
  </item>
  <item item-type="article-source">
    <instance media-type="image/png" xlink:href="source/docs/index_files/figure-jats/cell-15-output-1.png"/>
  </item>
  <item item-type="article-source">
    <instance media-type="image/png" xlink:href="source/docs/index_files/figure-jats/cell-3-output-1.png"/>
  </item>
  <item item-type="article-source">
    <instance media-type="image/png" xlink:href="source/docs/index_files/figure-jats/cell-6-output-1.png"/>
  </item>
  <item item-type="article-source">
    <instance media-type="image/png" xlink:href="source/docs/index_files/figure-jats/fig-histogram-output-1.png"/>
  </item>
  <item item-type="article-source">
    <instance media-type="image/png" xlink:href="source/docs/index_files/figure-jats/fig-paired-data-output-1.png"/>
  </item>
  <item item-type="article-source">
    <instance media-type="image/png" xlink:href="source/docs/index_files/figure-jats/fig-superplot-all-output-1.png"/>
  </item>
  <item item-type="article-source">
    <instance media-type="image/png" xlink:href="source/docs/index_files/figure-jats/fig-superplot-output-2.png"/>
  </item>
  <item item-type="article-source">
    <instance media-type="text/html" xlink:href="source/docs/notebooks/CellSizeR-preview.html"/>
  </item>
  <item item-type="article-source">
    <instance media-type="application/x-ipynb+json" xlink:href="source/docs/notebooks/CellSizeR.out.ipynb"/>
  </item>
  <item item-type="article-source">
    <instance media-type="application/octet-stream" xlink:href="source/docs/notebooks/CellSizeR.qmd"/>
  </item>
  <item item-type="article-source">
    <instance media-type="image/png" xlink:href="source/docs/notebooks/CellSizeR_files/figure-html/fig-histogram-1.png"/>
  </item>
  <item item-type="article-source">
    <instance media-type="image/png" xlink:href="source/docs/notebooks/CellSizeR_files/figure-html/unnamed-chunk-3-1.png"/>
  </item>
  <item item-type="article-source">
    <instance media-type="text/html" xlink:href="source/docs/notebooks/PreciSe-preview.html"/>
  </item>
  <item item-type="article-source">
    <instance media-type="application/x-ipynb+json" xlink:href="source/docs/notebooks/PreciSe.out.ipynb"/>
  </item>
  <item item-type="article-source">
    <instance media-type="application/octet-stream" xlink:href="source/docs/notebooks/PreciSe.qmd"/>
  </item>
  <item item-type="article-source">
    <instance media-type="image/png" xlink:href="source/docs/notebooks/PreciSe_files/figure-html/fig-histogram-1.png"/>
  </item>
  <item item-type="article-source">
    <instance media-type="image/png" xlink:href="source/docs/notebooks/PreciSe_files/figure-html/fig-histogram-Sphase-1.png"/>
  </item>
  <item item-type="article-source">
    <instance media-type="image/png" xlink:href="source/docs/notebooks/PreciSe_files/figure-html/fig-paired-data-1.png"/>
  </item>
  <item item-type="article-source">
    <instance media-type="image/png" xlink:href="source/docs/notebooks/PreciSe_files/figure-html/fig-superplot-1.png"/>
  </item>
  <item item-type="article-source">
    <instance media-type="image/png" xlink:href="source/docs/notebooks/PreciSe_files/figure-html/fig-superplot-all-1.png"/>
  </item>
  <item item-type="article-source">
    <instance media-type="image/png" xlink:href="source/docs/notebooks/PreciSe_files/figure-html/unnamed-chunk-13-1.png"/>
  </item>
  <item item-type="article-source">
    <instance media-type="image/png" xlink:href="source/docs/notebooks/PreciSe_files/figure-html/unnamed-chunk-4-1.png"/>
  </item>
  <item item-type="article-source">
    <instance media-type="text/css" xlink:href="source/docs/site_libs/bootstrap/bootstrap-icons.css"/>
  </item>
  <item item-type="article-source">
    <instance media-type="application/font-woff" xlink:href="source/docs/site_libs/bootstrap/bootstrap-icons.woff"/>
  </item>
  <item item-type="article-source">
    <instance media-type="text/css" xlink:href="source/docs/site_libs/bootstrap/bootstrap.min.css"/>
  </item>
  <item item-type="article-source">
    <instance media-type="application/javascript" xlink:href="source/docs/site_libs/bootstrap/bootstrap.min.js"/>
  </item>
  <item item-type="article-source">
    <instance media-type="application/javascript" xlink:href="source/docs/site_libs/clipboard/clipboard.min.js"/>
  </item>
  <item item-type="article-source">
    <instance media-type="application/javascript" xlink:href="source/docs/site_libs/manuscript-notebook/headroom.min.js"/>
  </item>
  <item item-type="article-source">
    <instance media-type="application/javascript" xlink:href="source/docs/site_libs/quarto-html/anchor.min.js"/>
  </item>
  <item item-type="article-source">
    <instance media-type="application/javascript" xlink:href="source/docs/site_libs/quarto-html/popper.min.js"/>
  </item>
  <item item-type="article-source">
    <instance media-type="text/css" xlink:href="source/docs/site_libs/quarto-html/quarto-syntax-highlighting.css"/>
  </item>
  <item item-type="article-source">
    <instance media-type="application/javascript" xlink:href="source/docs/site_libs/quarto-html/quarto.js"/>
  </item>
  <item item-type="article-source">
    <instance media-type="text/css" xlink:href="source/docs/site_libs/quarto-html/tippy.css"/>
  </item>
  <item item-type="article-source">
    <instance media-type="application/javascript" xlink:href="source/docs/site_libs/quarto-html/tippy.umd.min.js"/>
  </item>
  <item item-type="article-source">
    <instance media-type="image/png" xlink:href="source/images/Dashboard_230828.png"/>
  </item>
  <item item-type="article-source">
    <instance media-type="image/png" xlink:href="source/images/Dashboard_230828_log.png"/>
  </item>
  <item item-type="article-source">
    <instance media-type="image/png" xlink:href="source/images/Students-side.png"/>
  </item>
  <item item-type="article-source">
    <instance media-type="image/png" xlink:href="source/images/SuperPlotsOfData_2023-06-23 16 55 05.png"/>
  </item>
  <item item-type="article-source">
    <instance media-type="application/octet-stream" xlink:href="source/index.qmd"/>
  </item>
  <item item-type="article-source">
    <instance media-type="application/pdf" xlink:href="source/index_files/figure-pdf/fig-timeline-1.pdf"/>
  </item>
  <item item-type="article-source">
    <instance media-type="application/pdf" xlink:href="source/literature/1-s2.0-S0005273606001891-main.pdf"/>
  </item>
  <item item-type="article-source">
    <instance media-type="application/pdf" xlink:href="source/literature/Clin Experimental Optometry - 2015 - Doughty - Assessment of size and nucleo%E2%80%90cytoplasmic characteristics of the squamous.pdf"/>
  </item>
  <item item-type="article-source">
    <instance media-type="application/pdf" xlink:href="source/literature/sciadv.add0636.pdf"/>
  </item>
  <item item-type="article-source">
    <instance media-type="application/octet-stream" xlink:href="source/manuscript-template-rstudio.Rproj"/>
  </item>
  <item item-type="article-source">
    <instance media-type="application/octet-stream" xlink:href="source/notebooks/CellSizeR.qmd"/>
  </item>
  <item item-type="article-source">
    <instance media-type="application/octet-stream" xlink:href="source/notebooks/PreciSe.qmd"/>
  </item>
  <item item-type="article-source">
    <instance media-type="application/octet-stream" xlink:href="source/notebooks/geom_flat_violin.R"/>
  </item>
  <item item-type="article-source">
    <instance media-type="application/octet-stream" xlink:href="source/notebooks/results_S-phase.csv"/>
  </item>
  <item item-type="article-source">
    <instance media-type="image/jpeg" xlink:href="source/photos/IMG_0708.jpeg"/>
  </item>
  <item item-type="article-source">
    <instance media-type="image/jpeg" xlink:href="source/photos/IMG_0766.jpeg"/>
  </item>
  <item item-type="article-source">
    <instance media-type="application/octet-stream" xlink:href="source/references.bib"/>
  </item>
</manifest>